stair.thisTrialN,stair.stepSize,stair.intensity,thisRow.t,notes,trial.started,fixation.started,grating.started,key_resp.started,fixation.stopped,grating.stopped,trial.stopped,corrAns,tilt,key_resp.corr,stair.response,key_resp.rt,participant,session,date,expName,expVersion,psychopyVersion,frameRate,expStart,
0,2,10.0,0.013042875012615696,,0.00801941700046882,0.013042875012615696,0.49822158401366323,0.49822158401366323,0.500923417013837,0.7898132920090575,1.3744242920074612,left,-10.0,1,1,0.6845207080041291,769539,001,2025-09-04_09h28.35.174,bhakti_apdaptive staircase,,2025.1.1,None,2025-09-04 09h28.38.310489 +0530,
1,2,8.0,1.386304209008813,,1.3745687500049826,1.386304209008813,1.8735284170106752,1.8735284170106752,1.8851155000011204,2.171972584008472,2.386902459009434,right,8.0,1,1,0.5041180830012308,769539,001,2025-09-04_09h28.35.174,bhakti_apdaptive staircase,,2025.1.1,None,2025-09-04 09h28.38.310489 +0530,
2,2,6.0,2.394145666999975,,2.3872722500091186,2.394145666999975,2.8852829590032343,2.8852829590032343,2.890029084010166,3.1717555000068387,3.320046834007371,left,-6.0,1,1,0.42037104100745637,769539,001,2025-09-04_09h28.35.174,bhakti_apdaptive staircase,,2025.1.1,None,2025-09-04 09h28.38.310489 +0530,
3,2,4.0,3.326900125000975,,3.320398167008534,3.326900125000975,3.8186870420031482,3.8186870420031482,3.822698209012742,4.111040209012572,4.103620542009594,right,4.0,1,1,0.2780573330092011,769539,001,2025-09-04_09h28.35.174,bhakti_apdaptive staircase,,2025.1.1,None,2025-09-04 09h28.38.310489 +0530,
4,2,2.0,4.111040209012572,,4.1039897090086015,4.111040209012572,4.6019812090089545,4.6019812090089545,4.606162875003065,4.889273500011768,5.036980167002184,right,2.0,1,1,0.42774929200822953,769539,001,2025-09-04_09h28.35.174,bhakti_apdaptive staircase,,2025.1.1,None,2025-09-04 09h28.38.310489 +0530,
5,2,1.0,5.053202084003715,,5.03736695900443,5.053202084003715,5.535353875005967,5.535353875005967,5.551739500006079,5.822693917012657,5.85341129200242,right,1.0,1,1,0.3163442500081146,769539,001,2025-09-04_09h28.35.174,bhakti_apdaptive staircase,,2025.1.1,None,2025-09-04 09h28.38.310489 +0530,
6,2,1.0,5.86024075000023,,5.85375500000373,5.86024075000023,6.351805500002229,6.351805500002229,6.355530500004534,6.639479167002719,6.870104959001765,left,-1.0,1,1,0.5167129580077017,769539,001,2025-09-04_09h28.35.174,bhakti_apdaptive staircase,,2025.1.1,None,2025-09-04 09h28.38.310489 +0530,
7,1,1.0,6.877209917001892,,6.870439959006035,6.877209917001892,7.368778167001437,7.368778167001437,7.373523459013086,7.655479749999358,7.6700804170104675,left,-1.0,0,0,0.289972166006919,769539,001,2025-09-04_09h28.35.174,bhakti_apdaptive staircase,,2025.1.1,None,2025-09-04 09h28.38.310489 +0530,
8,1,2.0,7.677532500005327,,7.670479834006983,7.677532500005327,8.168618792013149,8.168618792013149,8.172917709001922,8.45530412500375,8.636923125013709,right,2.0,1,1,0.4620200829958776,769539,001,2025-09-04_09h28.35.174,bhakti_apdaptive staircase,,2025.1.1,None,2025-09-04 09h28.38.310489 +0530,
9,1,2.0,8.644396042000153,,8.637315250001848,8.644396042000153,9.135264374999679,9.135264374999679,9.13903908400971,,9.38689287500165,right,2.0,0,0,0.24546645800000988,769539,001,2025-09-04_09h28.35.174,bhakti_apdaptive staircase,,2025.1.1,None,2025-09-04 09h28.38.310489 +0530,
10,1,3.0,9.393955209001433,,9.387283459000173,9.393955209001433,9.885322625006665,9.885322625006665,9.890302667001379,10.171695917000761,10.286834042010014,right,3.0,0,0,0.39722741600417066,769539,001,2025-09-04_09h28.35.174,bhakti_apdaptive staircase,,2025.1.1,None,2025-09-04 09h28.38.310489 +0530,
11,1,4.0,10.293936084010056,,10.287170625000726,10.293936084010056,10.785230000008596,10.785230000008596,10.788930167007493,11.072038959013298,11.223339125004713,left,-4.0,0,0,0.4353201670019189,769539,001,2025-09-04_09h28.35.174,bhakti_apdaptive staircase,,2025.1.1,None,2025-09-04 09h28.38.310489 +0530,
12,1,5.0,11.23536529201374,,11.223600459008594,11.23536529201374,11.72257341700606,11.72257341700606,11.72257341700606,12.018665000010515,12.304016917012632,left,-5.0,1,1,0.5789474999910453,769539,001,2025-09-04_09h28.35.174,bhakti_apdaptive staircase,,2025.1.1,None,2025-09-04 09h28.38.310489 +0530,
13,1,5.0,12.31147475000762,,12.304350000005797,12.31147475000762,12.801950625012978,12.801950625012978,12.806110417004675,13.089230292011052,13.270707875009975,right,5.0,1,1,0.4544574159954209,769539,001,2025-09-04_09h28.35.174,bhakti_apdaptive staircase,,2025.1.1,None,2025-09-04 09h28.38.310489 +0530,
14,1,5.0,13.278601084006368,,13.271138334006537,13.278601084006368,13.768771292001475,13.768771292001475,13.77343029199983,14.054860750009539,14.287529292007093,left,-5.0,1,1,0.5087549159943592,769539,001,2025-09-04_09h28.35.174,bhakti_apdaptive staircase,,2025.1.1,None,2025-09-04 09h28.38.310489 +0530,
15,1,4.0,14.295504167006584,,14.288069959002314,14.295504167006584,14.785254959002486,14.785254959002486,14.789119459004723,15.071663375012577,15.286420750009711,right,4.0,1,1,0.4881450410030084,769539,001,2025-09-04_09h28.35.174,bhakti_apdaptive staircase,,2025.1.1,None,2025-09-04 09h28.38.310489 +0530,
16,1,4.0,15.293094542008475,,15.28672612500668,15.293094542008475,15.785112375000608,15.785112375000608,15.789056917012203,16.07164166700386,16.320714667002903,right,4.0,1,1,0.5244595409894828,769539,001,2025-09-04_09h28.35.174,bhakti_apdaptive staircase,,2025.1.1,None,2025-09-04 09h28.38.310489 +0530,
17,1,4.0,16.32855883400771,,16.32114895900304,16.32855883400771,16.818493750004563,16.818493750004563,16.822147500002757,17.10508579200541,17.273428709013388,left,-4.0,1,1,0.4529122499952791,769539,001,2025-09-04_09h28.35.174,bhakti_apdaptive staircase,,2025.1.1,None,2025-09-04 09h28.38.310489 +0530,
18,1,3.0,17.28533820901066,,17.273686125001404,17.28533820901066,17.768733250006335,17.768733250006335,17.773760292009683,18.054925917007495,18.15348783400259,right,3.0,1,1,0.3826878330000909,769539,001,2025-09-04_09h28.35.174,bhakti_apdaptive staircase,,2025.1.1,None,2025-09-04 09h28.38.310489 +0530,
19,1,3.0,18.16079437501321,,18.153817667000112,18.16079437501321,18.651887833999353,18.651887833999353,18.655987875012215,18.93833087501116,19.203981709011714,left,-3.0,1,1,0.5384959579969291,769539,001,2025-09-04_09h28.35.174,bhakti_apdaptive staircase,,2025.1.1,None,2025-09-04 09h28.38.310489 +0530,
20,0.5,3.0,19.212121042000945,,19.204411084007006,19.212121042000945,19.70204979200207,19.70204979200207,19.70706975000212,19.989049792013247,20.15631750000466,right,3.0,0,0,0.45223270800488535,769539,001,2025-09-04_09h28.35.174,bhakti_apdaptive staircase,,2025.1.1,None,2025-09-04 09h28.38.310489 +0530,
21,0.5,3.5,20.1687135000102,,20.15657537500374,20.1687135000102,20.65734266700747,20.65734266700747,20.65734266700747,20.955783709010575,21.37077891700028,left,-3.5,1,1,0.7079708329983987,769539,001,2025-09-04_09h28.35.174,bhakti_apdaptive staircase,,2025.1.1,None,2025-09-04 09h28.38.310489 +0530,
22,0.5,3.5,21.378177083999617,,21.371261959007825,21.378177083999617,21.868595834006555,21.868595834006555,21.87262816700968,22.155972500011558,22.38752304200898,right,3.5,1,1,0.516631625010632,769539,001,2025-09-04_09h28.35.174,bhakti_apdaptive staircase,,2025.1.1,None,2025-09-04 09h28.38.310489 +0530,
23,0.5,3.5,22.39517116700881,,22.387954584002728,22.39517116700881,22.885355125006754,22.885355125006754,22.889360291999765,23.17241720900347,23.25339879200328,right,3.5,1,1,0.36398345800989773,769539,001,2025-09-04_09h28.35.174,bhakti_apdaptive staircase,,2025.1.1,None,2025-09-04 09h28.38.310489 +0530,
24,0.5,3.0,23.260504917008802,,23.25378420900961,23.260504917008802,23.752038625010755,23.752038625010755,23.75617558399972,24.038315500001772,24.087307625013636,left,-3.0,0,0,0.3262848330050474,769539,001,2025-09-04_09h28.35.174,bhakti_apdaptive staircase,,2025.1.1,None,2025-09-04 09h28.38.310489 +0530,
25,0.5,3.5,24.094944667012896,,24.087777084001573,24.094944667012896,24.585182334005367,24.585182334005367,24.589144209006918,24.871294292010134,25.07023491700238,right,3.5,1,1,0.47814074899361003,769539,001,2025-09-04_09h28.35.174,bhakti_apdaptive staircase,,2025.1.1,None,2025-09-04 09h28.38.310489 +0530,
26,0.5,3.5,25.077550250003696,,25.070612417010125,25.077550250003696,25.568677667004522,25.568677667004522,25.572389500011923,25.855518792013754,26.08739041700028,right,3.5,1,1,0.5076752500026487,769539,001,2025-09-04_09h28.35.174,bhakti_apdaptive staircase,,2025.1.1,None,2025-09-04 09h28.38.310489 +0530,
27,0.5,3.5,26.095196624999517,,26.08782016701298,26.095196624999517,26.585409209001227,26.585409209001227,26.59040058401297,26.87164345900237,27.137264959004824,right,3.5,1,1,0.5487670830043498,769539,001,2025-09-04_09h28.35.174,bhakti_apdaptive staircase,,2025.1.1,None,2025-09-04 09h28.38.310489 +0530,
28,0.5,3.0,27.14468945900444,,27.137636500003282,27.14468945900444,27.63527220900869,27.63527220900869,27.638716000001295,27.921272334002424,28.139363125010277,right,3.0,1,1,0.5030345830018632,769539,001,2025-09-04_09h28.35.174,bhakti_apdaptive staircase,,2025.1.1,None,2025-09-04 09h28.38.310489 +0530,
29,0.5,3.0,28.152095875004306,,28.139617875000113,28.152095875004306,28.635439500008943,28.635439500008943,28.64024808400427,28.922140875001787,29.304152834010893,right,3.0,1,1,0.6647436659986852,769539,001,2025-09-04_09h28.35.174,bhakti_apdaptive staircase,,2025.1.1,None,2025-09-04 09h28.38.310489 +0530,
30,0.5,3.0,29.311461625009542,,29.304484209002112,29.311461625009542,29.801887792011257,29.801887792011257,29.805658875004156,30.089198375004344,30.33734229201218,left,-3.0,1,1,0.5283886660035932,769539,001,2025-09-04_09h28.35.174,bhakti_apdaptive staircase,,2025.1.1,None,2025-09-04 09h28.38.310489 +0530,
31,0.5,2.5,30.344793292009854,,30.337787417010986,30.344793292009854,30.835426834004465,30.835426834004465,30.83997862500837,31.12213379199966,31.386885625004652,right,2.5,1,1,0.5467557490046602,769539,001,2025-09-04_09h28.35.174,bhakti_apdaptive staircase,,2025.1.1,None,2025-09-04 09h28.38.310489 +0530,
32,0.5,2.5,31.394050667004194,,31.38724062500114,31.394050667004194,31.88536150001164,31.88536150001164,31.88893545900646,32.171779750002315,32.62064645900682,right,2.5,1,1,0.7278408749989467,769539,001,2025-09-04_09h28.35.174,bhakti_apdaptive staircase,,2025.1.1,None,2025-09-04 09h28.38.310489 +0530,
33,0.5,2.5,32.62826720900193,,32.62112200001138,32.62826720900193,33.11873529200966,33.11873529200966,33.12381600000663,33.40582937501313,33.50357379201159,left,-2.5,0,0,0.37234837499272544,769539,001,2025-09-04_09h28.35.174,bhakti_apdaptive staircase,,2025.1.1,None,2025-09-04 09h28.38.310489 +0530,
34,0.5,3.0,33.51144800000475,,33.50402250001207,33.51144800000475,34.002126875013346,34.002126875013346,34.006469917003415,34.28915795900684,34.37400912500743,left,-3.0,1,1,0.36693554199882783,769539,001,2025-09-04_09h28.35.174,bhakti_apdaptive staircase,,2025.1.1,None,2025-09-04 09h28.38.310489 +0530,
35,0.5,3.0,34.38530908401299,,34.37426370900357,34.38530908401299,34.87390541700006,34.87390541700006,34.87390541700006,,35.13751487500849,right,3.0,0,0,0.2581214999954682,769539,001,2025-09-04_09h28.35.174,bhakti_apdaptive staircase,,2025.1.1,None,2025-09-04 09h28.38.310489 +0530,
36,0.5,3.5,35.142358125012834,,35.13808462501038,35.142358125012834,35.63552929200523,35.63552929200523,35.63988287500979,35.92213304201141,36.187010709007154,right,3.5,1,1,0.5375325409986544,769539,001,2025-09-04_09h28.35.174,bhakti_apdaptive staircase,,2025.1.1,None,2025-09-04 09h28.38.310489 +0530,
37,0.5,3.5,36.19430108400411,,36.1872926250071,36.19430108400411,36.68539879200398,36.68539879200398,36.689314750008634,36.97158841700002,37.13651429201127,right,3.5,1,1,0.4437646250007674,769539,001,2025-09-04_09h28.35.174,bhakti_apdaptive staircase,,2025.1.1,None,2025-09-04 09h28.38.310489 +0530,
38,0.5,3.5,37.14347200001066,,37.136792959005106,37.14347200001066,37.63547725000535,37.63547725000535,37.64024466701085,37.92174045900174,38.05390000001353,right,3.5,1,1,0.40655183300259523,769539,001,2025-09-04_09h28.35.174,bhakti_apdaptive staircase,,2025.1.1,None,2025-09-04 09h28.38.310489 +0530,
39,0.5,3.0,38.061437374999514,,38.05428008400486,38.061437374999514,38.55215325001336,38.55215325001336,38.55649120900489,38.83894370900816,39.08734579200973,left,-3.0,1,1,0.5258708329929505,769539,001,2025-09-04_09h28.35.174,bhakti_apdaptive staircase,,2025.1.1,None,2025-09-04 09h28.38.310489 +0530,
40,0.5,3.0,39.09521520900307,,39.08782837500621,39.09521520900307,39.585383084006025,39.585383084006025,39.58915650000563,39.872979750012746,40.12073062499985,left,-3.0,1,1,0.5204983330040704,769539,001,2025-09-04_09h28.35.174,bhakti_apdaptive staircase,,2025.1.1,None,2025-09-04 09h28.38.310489 +0530,
41,0.5,3.0,40.12852379200922,,40.12120441700972,40.12852379200922,40.61871225001232,40.61871225001232,40.62269266700605,40.90577808400849,41.241151334004826,left,-3.0,1,1,0.6172670829982962,769539,001,2025-09-04_09h28.35.174,bhakti_apdaptive staircase,,2025.1.1,None,2025-09-04 09h28.38.310489 +0530,
42,0.5,2.5,41.25201491700136,,41.24140416701266,41.25201491700136,41.740412209008355,41.740412209008355,41.740412209008355,42.03953400001046,42.18694670900004,left,-2.5,1,1,0.439665290992707,769539,001,2025-09-04_09h28.35.174,bhakti_apdaptive staircase,,2025.1.1,None,2025-09-04 09h28.38.310489 +0530,
43,0.5,2.5,42.19474641700799,,42.18741870899976,42.19474641700799,42.68518704200687,42.68518704200687,42.68867516700993,42.972918250001385,43.10348916701332,left,-2.5,1,1,0.41371454199543223,769539,001,2025-09-04_09h28.35.174,bhakti_apdaptive staircase,,2025.1.1,None,2025-09-04 09h28.38.310489 +0530,
44,0.5,2.5,43.11109912500251,,43.10383879201254,43.11109912500251,43.60201645900088,43.60201645900088,43.605887249999796,43.889717542013386,44.1534906670131,right,2.5,1,1,0.5488969580037519,769539,001,2025-09-04_09h28.35.174,bhakti_apdaptive staircase,,2025.1.1,None,2025-09-04 09h28.38.310489 +0530,
45,0.5,2.0,44.161363084000186,,44.153829500006395,44.161363084000186,44.652115584001876,44.652115584001876,44.65597445900494,44.939857375007705,45.353659459011396,right,2.0,1,1,0.698743373999605,769539,001,2025-09-04_09h28.35.174,bhakti_apdaptive staircase,,2025.1.1,None,2025-09-04 09h28.38.310489 +0530,
46,0.5,2.0,45.361869084008504,,45.35401104199991,45.361869084008504,45.85208362500998,45.85208362500998,45.85539000001154,46.138793917009025,46.42332583401003,left,-2.0,1,1,0.5666180410044035,769539,001,2025-09-04_09h28.35.174,bhakti_apdaptive staircase,,2025.1.1,None,2025-09-04 09h28.38.310489 +0530,
47,0.5,2.0,46.435523959007696,,46.42359025000769,46.435523959007696,46.923936334002065,46.923936334002065,46.923936334002065,47.22273200000927,47.43721737500164,right,2.0,1,1,0.5058144999929937,769539,001,2025-09-04_09h28.35.174,bhakti_apdaptive staircase,,2025.1.1,None,2025-09-04 09h28.38.310489 +0530,
48,0.5,1.5,47.44561966700712,,47.43761891699978,47.44561966700712,47.935374375010724,47.935374375010724,47.939835875004064,48.22305004201189,48.33675354201114,right,1.5,1,1,0.3955083329929039,769539,001,2025-09-04_09h28.35.174,bhakti_apdaptive staircase,,2025.1.1,None,2025-09-04 09h28.38.310489 +0530,
49,0.5,1.5,48.34536362500512,,48.33706883400737,48.34536362500512,48.83534041700477,48.83534041700477,48.83923275000416,49.122252625005785,49.290023209003266,right,1.5,0,0,0.45332295799744315,769539,001,2025-09-04_09h28.35.174,bhakti_apdaptive staircase,,2025.1.1,None,2025-09-04 09h28.38.310489 +0530,
50,0.5,2.0,49.30223029199988,,49.290282875008415,49.30223029199988,49.78537508400041,49.78537508400041,49.78945850000309,50.072572000004584,50.20699100001366,left,-2.0,1,1,0.4192818739975337,769539,001,2025-09-04_09h28.35.174,bhakti_apdaptive staircase,,2025.1.1,None,2025-09-04 09h28.38.310489 +0530,
51,0.5,2.0,50.21883320900088,,50.20724712499941,50.21883320900088,50.7022389590129,50.7022389590129,50.70659866700589,50.98963908400037,51.50381420900521,right,2.0,0,0,0.7975216249906225,769539,001,2025-09-04_09h28.35.174,bhakti_apdaptive staircase,,2025.1.1,None,2025-09-04 09h28.38.310489 +0530,
52,0.5,2.5,51.51226725000015,,51.5041835840093,51.51226725000015,52.00196829201013,52.00196829201013,52.00540958400234,52.288381167003536,52.67408404200978,left,-2.5,1,1,0.6676184579991968,769539,001,2025-09-04_09h28.35.174,bhakti_apdaptive staircase,,2025.1.1,None,2025-09-04 09h28.38.310489 +0530,
53,0.5,2.5,52.685310750006465,,52.674598959012656,52.685310750006465,53.16885312501108,53.16885312501108,53.17260033400089,53.4555555840052,53.689755250001326,left,-2.5,1,1,0.5178420830052346,769539,001,2025-09-04_09h28.35.174,bhakti_apdaptive staircase,,2025.1.1,None,2025-09-04 09h28.38.310489 +0530,
54,0.5,2.5,53.702245959007996,,53.690022917013266,53.702245959007996,54.185618709001574,54.185618709001574,54.18997970900091,54.47256320901215,54.63729916700686,left,-2.5,1,1,0.44715712500328664,769539,001,2025-09-04_09h28.35.174,bhakti_apdaptive staircase,,2025.1.1,None,2025-09-04 09h28.38.310489 +0530,
55,0.5,2.0,54.64614945900394,,54.63774387500598,54.64614945900394,55.13561983400723,55.13561983400723,55.140473709005164,55.42256270900543,55.553714667010354,left,-2.0,1,1,0.4120695000019623,769539,001,2025-09-04_09h28.35.174,bhakti_apdaptive staircase,,2025.1.1,None,2025-09-04 09h28.38.310489 +0530,
56,0.5,2.0,55.56252554200182,,55.55410654201114,55.56252554200182,56.052271667009336,56.052271667009336,56.0561846250057,56.33884941700671,56.47080870901118,right,2.0,0,0,0.4073467080015689,769539,001,2025-09-04_09h28.35.174,bhakti_apdaptive staircase,,2025.1.1,None,2025-09-04 09h28.38.310489 +0530,
57,0.5,2.5,56.4798048340017,,56.471360584007925,56.4798048340017,56.968806459000916,56.968806459000916,56.972932375007076,57.256473834000644,57.83719995900174,right,2.5,0,0,0.8638252079981612,769539,001,2025-09-04_09h28.35.174,bhakti_apdaptive staircase,,2025.1.1,None,2025-09-04 09h28.38.310489 +0530,
58,0.5,3.0,57.84581275000528,,57.8375662920007,57.84581275000528,58.33554420901055,58.33554420901055,58.339768084013485,58.62173004201031,58.970442084013484,right,3.0,1,1,0.6320776250067865,769539,001,2025-09-04_09h28.35.174,bhakti_apdaptive staircase,,2025.1.1,None,2025-09-04 09h28.38.310489 +0530,
59,0.5,3.0,58.97949729200627,,58.97081829200033,58.97949729200627,59.46876520900696,59.46876520900696,59.47309291700367,59.755639209004585,59.98713462500018,left,-3.0,1,1,0.5088359159999527,769539,001,2025-09-04_09h28.35.174,bhakti_apdaptive staircase,,2025.1.1,None,2025-09-04 09h28.38.310489 +0530,
60,0.5,3.0,59.99505704200419,,59.98751400000765,59.99505704200419,60.48573045901139,60.48573045901139,60.49119716700807,60.77244341700862,60.88714591700409,right,3.0,0,0,0.3886480829969514,769539,001,2025-09-04_09h28.35.174,bhakti_apdaptive staircase,,2025.1.1,None,2025-09-04 09h28.38.310489 +0530,
61,0.5,3.5,60.89640050000162,,60.887530792009784,60.89640050000162,61.38545725001313,61.38545725001313,61.38935125000717,61.672991792001994,62.17089708401181,right,3.5,0,0,0.7781384169938974,769539,001,2025-09-04_09h28.35.174,bhakti_apdaptive staircase,,2025.1.1,None,2025-09-04 09h28.38.310489 +0530,
62,0.5,4.0,62.179136083999765,,62.17124533400056,62.179136083999765,62.668864375009434,62.668864375009434,62.67277675001242,62.955413084011525,63.15410200000042,right,4.0,0,0,0.4826612080069026,769539,001,2025-09-04_09h28.35.174,bhakti_apdaptive staircase,,2025.1.1,None,2025-09-04 09h28.38.310489 +0530,
63,0.5,4.5,63.1631505000114,,63.154501750002964,63.1631505000114,63.65213308400416,63.65213308400416,63.65597837501264,63.93944295900292,64.07370633400569,left,-4.5,1,1,0.41832124900247436,769539,001,2025-09-04_09h28.35.174,bhakti_apdaptive staircase,,2025.1.1,None,2025-09-04 09h28.38.310489 +0530,
64,0.5,4.5,64.08562529200572,,64.07397491700249,64.08562529200572,64.5687552090094,64.5687552090094,64.57286279200343,64.85625116700248,65.30382270900009,right,4.5,0,0,0.7287616659887135,769539,001,2025-09-04_09h28.35.174,bhakti_apdaptive staircase,,2025.1.1,None,2025-09-04 09h28.38.310489 +0530,
65,0.5,5.0,65.31257079201168,,65.30424050000147,65.31257079201168,65.8020930000057,65.8020930000057,65.8064248340088,66.0896358750033,66.32049441701383,right,5.0,1,1,0.5122722490050364,769539,001,2025-09-04_09h28.35.174,bhakti_apdaptive staircase,,2025.1.1,None,2025-09-04 09h28.38.310489 +0530,
66,0.5,5.0,66.32950112500112,,66.32090545901156,66.32950112500112,66.81887287501013,66.81887287501013,66.82335762500588,67.10553241700109,67.27048654200917,right,5.0,1,1,0.44458733301144093,769539,001,2025-09-04_09h28.35.174,bhakti_apdaptive staircase,,2025.1.1,None,2025-09-04 09h28.38.310489 +0530,
67,0.5,5.0,67.27890270900389,,67.27087270900665,67.27890270900389,67.76881925000635,67.76881925000635,67.77271079200727,68.05638233400532,68.23691862499982,left,-5.0,1,1,0.45645058300578967,769539,001,2025-09-04_09h28.35.174,bhakti_apdaptive staircase,,2025.1.1,None,2025-09-04 09h28.38.310489 +0530,
68,0.5,4.5,68.24509650000255,,68.23726087500108,68.24509650000255,68.7355129589996,68.7355129589996,68.7395967090124,69.02231475000735,69.27394041701336,left,-4.5,1,1,0.5358089579967782,769539,001,2025-09-04_09h28.35.174,bhakti_apdaptive staircase,,2025.1.1,None,2025-09-04 09h28.38.310489 +0530,
69,0.5,4.5,69.28550700000778,,69.2742065420025,69.28550700000778,69.76883716700831,69.76883716700831,69.77315175000695,70.0555468340026,70.32046541701129,left,-4.5,1,1,0.5373732080042828,769539,001,2025-09-04_09h28.35.174,bhakti_apdaptive staircase,,2025.1.1,None,2025-09-04 09h28.38.310489 +0530,
70,0.5,4.5,70.328573375009,,70.32084170900634,70.328573375009,70.81879737500276,70.81879737500276,70.82309808400169,71.10600075000548,71.27425158400729,right,4.5,0,0,0.45354829099960625,769539,001,2025-09-04_09h28.35.174,bhakti_apdaptive staircase,,2025.1.1,None,2025-09-04 09h28.38.310489 +0530,
71,0.5,5.0,71.28570662499988,,71.27452262501174,71.28570662499988,71.77571929201076,71.77571929201076,71.77571929201076,72.07311479200143,72.25747812500049,right,5.0,1,1,0.47944916599954013,769539,001,2025-09-04_09h28.35.174,bhakti_apdaptive staircase,,2025.1.1,None,2025-09-04 09h28.38.310489 +0530,
72,0.5,5.0,72.26892570900964,,72.25773712500813,72.26892570900964,72.75827637501061,72.75827637501061,72.75827637501061,73.0553507500008,73.30360529200698,right,5.0,1,1,0.5400985000014771,769539,001,2025-09-04_09h28.35.174,bhakti_apdaptive staircase,,2025.1.1,None,2025-09-04 09h28.38.310489 +0530,
73,0.5,5.0,73.31137783400482,,73.30390108400024,73.31137783400482,73.80227150001156,73.80227150001156,73.80629900000349,74.0886869590031,74.28714920900529,left,-5.0,1,1,0.4799250829964876,769539,001,2025-09-04_09h28.35.174,bhakti_apdaptive staircase,,2025.1.1,None,2025-09-04 09h28.38.310489 +0530,
74,0.5,4.5,74.29486695901142,,74.28753591701388,74.29486695901142,74.7855650420097,74.7855650420097,74.79021920901141,75.07200079200265,75.32045591701171,right,4.5,1,1,0.5277281659946311,769539,001,2025-09-04_09h28.35.174,bhakti_apdaptive staircase,,2025.1.1,None,2025-09-04 09h28.38.310489 +0530,
75,0.5,4.5,75.32842387500568,,75.32084220901015,75.32842387500568,75.8188333750004,75.8188333750004,75.82296291700914,76.10590437501378,76.37046479200944,right,4.5,1,1,0.5414803739986382,769539,001,2025-09-04_09h28.35.174,bhakti_apdaptive staircase,,2025.1.1,None,2025-09-04 09h28.38.310489 +0530,
76,0.5,4.5,76.37860675000411,,76.37081541700172,76.37860675000411,76.86880254201242,76.86880254201242,76.87263654200069,77.15553712499968,77.37128379200294,left,-4.5,1,1,0.493338833010057,769539,001,2025-09-04_09h28.35.174,bhakti_apdaptive staircase,,2025.1.1,None,2025-09-04 09h28.38.310489 +0530,
77,0.5,4.0,77.37961212500522,,77.37176283400913,77.37961212500522,77.86915795900859,77.86915795900859,77.87278091700864,78.1559793750057,78.3039758750092,left,-4.0,1,1,0.4290875829901779,769539,001,2025-09-04_09h28.35.174,bhakti_apdaptive staircase,,2025.1.1,None,2025-09-04 09h28.38.310489 +0530,
78,0.5,4.0,78.31237058401166,,78.30438045901246,78.31237058401166,78.80232487501053,78.80232487501053,78.80651712500548,79.08857108400844,79.25379895900551,right,4.0,0,0,0.43764045799616724,769539,001,2025-09-04_09h28.35.174,bhakti_apdaptive staircase,,2025.1.1,None,2025-09-04 09h28.38.310489 +0530,
79,0.5,4.5,79.26151391700841,,79.25415429200802,79.26151391700841,79.75216116700904,79.75216116700904,79.75670145900222,80.03998883400345,80.18746287500835,right,4.5,1,1,0.43108879099600017,769539,001,2025-09-04_09h28.35.174,bhakti_apdaptive staircase,,2025.1.1,None,2025-09-04 09h28.38.310489 +0530,
80,0.5,4.5,80.19584491700516,,80.18791812501149,80.19584491700516,80.68534733400156,80.68534733400156,80.68885979200422,80.97316983400378,81.05376537500706,left,-4.5,1,1,0.3638136670051608,769539,001,2025-09-04_09h28.35.174,bhakti_apdaptive staircase,,2025.1.1,None,2025-09-04 09h28.38.310489 +0530,
81,0.5,4.5,81.06169245899946,,81.05411708400061,81.06169245899946,81.55212250001205,81.55212250001205,81.5564277920057,81.83897762501147,82.03700504200242,left,-4.5,1,1,0.4709154989977833,769539,001,2025-09-04_09h28.35.174,bhakti_apdaptive staircase,,2025.1.1,None,2025-09-04 09h28.38.310489 +0530,
82,0.5,4.0,82.04497295900364,,82.03733112500049,82.04497295900364,82.53564045901294,82.53564045901294,82.5400073750061,82.82265329200891,82.95792325001094,left,-4.0,1,1,0.4204355830006534,769539,001,2025-09-04_09h28.35.174,bhakti_apdaptive staircase,,2025.1.1,None,2025-09-04 09h28.38.310489 +0530,
83,0.5,4.0,82.96888087500702,,82.95818354201037,82.96888087500702,83.45702225000423,83.45702225000423,83.45702225000423,83.75214808400779,83.87096570900758,left,-4.0,1,1,0.4061460420052754,769539,001,2025-09-04_09h28.35.174,bhakti_apdaptive staircase,,2025.1.1,None,2025-09-04 09h28.38.310489 +0530,
84,0.5,4.0,83.87906908401055,,83.87134966700978,83.87906908401055,84.3690067500138,84.3690067500138,84.37360412500857,84.65518254200288,84.72059179200733,left,-4.0,1,1,0.3398944579967065,769539,001,2025-09-04_09h28.35.174,bhakti_apdaptive staircase,,2025.1.1,None,2025-09-04 09h28.38.310489 +0530,
85,0.5,3.5,84.72854512500635,,84.72097029200813,84.72854512500635,85.21893541701138,85.21893541701138,85.22377375001088,85.50561508401006,85.58987512500607,left,-3.5,0,0,0.368027999997139,769539,001,2025-09-04_09h28.35.174,bhakti_apdaptive staircase,,2025.1.1,None,2025-09-04 09h28.38.310489 +0530,
86,0.5,4.0,85.60233029200754,,85.590147875002,85.60233029200754,86.08550291700521,86.08550291700521,86.08924966701306,,86.32095741700323,right,4.0,0,0,0.23251570800493937,769539,001,2025-09-04_09h28.35.174,bhakti_apdaptive staircase,,2025.1.1,None,2025-09-04 09h28.38.310489 +0530,
87,0.5,4.5,86.32935091700347,,86.32141533400863,86.32935091700347,86.81888387500658,86.81888387500658,86.82300162500178,87.1055070420116,87.57046200000332,left,-4.5,1,1,0.7421849989914335,769539,001,2025-09-04_09h28.35.174,bhakti_apdaptive staircase,,2025.1.1,None,2025-09-04 09h28.38.310489 +0530,
88,0.5,4.5,87.57867191701371,,87.57084737501282,87.57867191701371,88.06904129200848,88.06904129200848,88.07380220900814,88.35566695900343,88.42106291701202,left,-4.5,1,1,0.34294729099201504,769539,001,2025-09-04_09h28.35.174,bhakti_apdaptive staircase,,2025.1.1,None,2025-09-04 09h28.38.310489 +0530,
89,0.5,4.5,88.42924950001179,,88.42152370901022,88.42924950001179,88.91877745901002,88.91877745901002,88.9221284170053,89.20547633401293,89.25368429200898,left,-4.5,1,1,0.33310904099198524,769539,001,2025-09-04_09h28.35.174,bhakti_apdaptive staircase,,2025.1.1,None,2025-09-04 09h28.38.310489 +0530,
90,0.5,4.0,89.26076612500765,,89.25392558400927,89.26076612500765,89.75227787501353,89.75227787501353,89.75662604201352,90.0388124170131,90.13727758401365,left,-4.0,1,1,0.37257245799992234,769539,001,2025-09-04_09h28.35.174,bhakti_apdaptive staircase,,2025.1.1,None,2025-09-04 09h28.38.310489 +0530,
91,0.5,4.0,90.14546916700783,,90.13769225000578,90.14546916700783,90.63547425001161,90.63547425001161,90.63913270900957,90.92231454201101,91.0868604999996,left,-4.0,1,1,0.44752266599971335,769539,001,2025-09-04_09h28.35.174,bhakti_apdaptive staircase,,2025.1.1,None,2025-09-04 09h28.38.310489 +0530,
92,0.5,4.0,91.09485316700011,,91.08715041700634,91.09485316700011,91.58546058399952,91.58546058399952,91.58903304200794,91.87204470900178,92.00672241700522,right,4.0,0,0,0.41743899999710266,769539,001,2025-09-04_09h28.35.174,bhakti_apdaptive staircase,,2025.1.1,None,2025-09-04 09h28.38.310489 +0530,
93,0.5,4.5,92.01893358401139,,92.0069925840071,92.01893358401139,92.50670887500746,92.50670887500746,92.50670887500746,92.80221025001083,93.08683429200028,right,4.5,1,1,0.5732146660011495,769539,001,2025-09-04_09h28.35.174,bhakti_apdaptive staircase,,2025.1.1,None,2025-09-04 09h28.38.310489 +0530,
94,0.5,4.5,93.09459037501074,,93.08711225001025,93.09459037501074,93.58571237500291,93.58571237500291,93.59048179200909,93.8728301670053,93.97050500000478,left,-4.5,0,0,0.38108974999340717,769539,001,2025-09-04_09h28.35.174,bhakti_apdaptive staircase,,2025.1.1,None,2025-09-04 09h28.38.310489 +0530,
95,0.5,5.0,93.97913287499978,,93.97089754200715,93.97913287499978,94.46884479200526,94.46884479200526,94.47265795900603,94.75593004201073,94.9540957499994,right,5.0,1,1,0.4769526250020135,769539,001,2025-09-04_09h28.35.174,bhakti_apdaptive staircase,,2025.1.1,None,2025-09-04 09h28.38.310489 +0530,
96,0.5,5.0,94.96239162501297,,94.95453700001235,94.96239162501297,95.45212412500405,95.45212412500405,95.45529708400136,95.73963404200913,96.00350200000685,left,-5.0,1,1,0.546802208002191,769539,001,2025-09-04_09h28.35.174,bhakti_apdaptive staircase,,2025.1.1,None,2025-09-04 09h28.38.310489 +0530,
97,0.5,5.0,96.01117687500664,,96.00378208400798,96.01117687500664,96.50227254201309,96.50227254201309,96.50600875000237,96.78881000001275,97.03739483401296,left,-5.0,1,1,0.5254928329959512,769539,001,2025-09-04_09h28.35.174,bhakti_apdaptive staircase,,2025.1.1,None,2025-09-04 09h28.38.310489 +0530,
98,0.5,4.5,97.04566800000612,,97.03781945900118,97.04566800000612,97.53555004201189,97.53555004201189,97.53881245900993,97.82341666700086,98.10724937501072,left,-4.5,1,1,0.5672624169965275,769539,001,2025-09-04_09h28.35.174,bhakti_apdaptive staircase,,2025.1.1,None,2025-09-04 09h28.38.310489 +0530,
99,0.5,4.5,98.11886154201056,,98.10750987500069,98.11886154201056,98.60222733400587,98.60222733400587,98.60739437500888,98.88993045900133,99.0867986670055,right,4.5,1,1,0.4805535830091685,769539,001,2025-09-04_09h28.35.174,bhakti_apdaptive staircase,,2025.1.1,None,2025-09-04 09h28.38.310489 +0530,
