thisN,thisTrialN,thisRepN,tilt,key_resp.keys,key_resp.corr,key_resp.rt,key_resp.duration,trials.thisRepN,trials.thisTrialN,trials.thisN,trials.thisIndex,thisRow.t,notes,trial.started,fixation.started,key_resp.started,fixation.stopped,trial.stopped,trials.tilt,trials.key_resp.keys,trials.key_resp.corr,trials.key_resp.rt,trials.key_resp.duration,participant,session,date,expName,expVersion,psychopyVersion,frameRate,expStart,
0,0,0,0,down,1,0.6198176670004614,None,0,0,0,0,0.024556374992243946,,0.019497708010021597,0.024556374992243946,1.0024109160003718,1.0206891249981709,1.9555417080118787,0,down,1,0.6198176670004614,None,pilot,001,2025-09-09_12h23.12.914,orientation discrimination_bhakti,,2025.1.1,None,2025-09-09 12h23.24.317945 +0530,
1,0,1,1,up,1,0.5046659580257256,None,1,0,1,0,2.1328909159929026,,1.9557954579940997,2.1328909159929026,2.955135041003814,3.1213859579875134,3.468920082988916,1,up,1,0.5046659580257256,None,pilot,001,2025-09-09_12h23.12.914,orientation discrimination_bhakti,,2025.1.1,None,2025-09-09 12h23.24.317945 +0530,
2,0,2,2,up,0,0.5822926660184748,None,2,0,2,0,3.476297290995717,,3.469329374987865,3.476297290995717,4.46552050000173,4.471343957993668,5.05190708299051,2,up,0,0.5822926660184748,None,pilot,001,2025-09-09_12h23.12.914,orientation discrimination_bhakti,,2025.1.1,None,2025-09-09 12h23.24.317945 +0530,
3,0,3,0,up,0,0.464746167010162,None,3,0,3,0,5.055783707997762,,5.052223458013032,5.055783707997762,6.049031291011488,6.054496500000823,6.5180860410036985,0,up,0,0.464746167010162,None,pilot,001,2025-09-09_12h23.12.914,orientation discrimination_bhakti,,2025.1.1,None,2025-09-09 12h23.24.317945 +0530,
4,0,4,2,up,1,0.29415087500819936,None,4,0,4,0,6.521925457986072,,6.5183605829952285,6.521925457986072,7.515585665998515,7.515585665998515,7.818641249992652,2,up,1,0.29415087500819936,None,pilot,001,2025-09-09_12h23.12.914,orientation discrimination_bhakti,,2025.1.1,None,2025-09-09 12h23.24.317945 +0530,
5,0,5,0,up,0,0.2960069580003619,None,5,0,5,0,7.823695750004845,,7.818941290985094,7.823695750004845,8.81562712500454,8.821367458003806,9.118313082988607,0,up,0,0.2960069580003619,None,pilot,001,2025-09-09_12h23.12.914,orientation discrimination_bhakti,,2025.1.1,None,2025-09-09 12h23.24.317945 +0530,
6,0,6,0,up,1,0.5838960830005817,None,6,0,6,0,9.123108166008024,,9.118528040999081,9.123108166008024,10.115633790992433,10.121572957985336,10.701844666007673,0,up,1,0.5838960830005817,None,pilot,001,2025-09-09_12h23.12.914,orientation discrimination_bhakti,,2025.1.1,None,2025-09-09 12h23.24.317945 +0530,
7,0,7,0,down,0,0.44852137498673983,None,7,0,7,0,10.70681891599088,,10.70209687500028,10.70681891599088,11.699145124992356,11.704960000002757,12.152480165997986,0,down,0,0.44852137498673983,None,pilot,001,2025-09-09_12h23.12.914,orientation discrimination_bhakti,,2025.1.1,None,2025-09-09 12h23.24.317945 +0530,
8,0,8,0,up,1,0.4084327089949511,None,8,0,8,0,12.158083540998632,,12.15275425001164,12.158083540998632,13.149191625008825,13.155162457987899,13.56864833299187,0,up,1,0.4084327089949511,None,pilot,001,2025-09-09_12h23.12.914,orientation discrimination_bhakti,,2025.1.1,None,2025-09-09 12h23.24.317945 +0530,
9,0,9,0,up,1,0.3350115829962306,None,9,0,9,0,13.574007290997542,,13.568926750012906,13.574007290997542,14.565556957997615,14.571132165991003,14.902543625008548,0,up,1,0.3350115829962306,None,pilot,001,2025-09-09_12h23.12.914,orientation discrimination_bhakti,,2025.1.1,None,2025-09-09 12h23.24.317945 +0530,
10,0,10,-2,down,0,0.5712730000086594,None,10,0,10,0,14.906459791003726,,14.902870040998096,14.906459791003726,15.899186666007154,15.90463545799139,16.472213708009804,-2,down,0,0.5712730000086594,None,pilot,001,2025-09-09_12h23.12.914,orientation discrimination_bhakti,,2025.1.1,None,2025-09-09 12h23.24.317945 +0530,
11,0,11,2,down,1,0.7676921249949373,None,11,0,11,0,16.482236957992427,,16.472463125013746,16.482236957992427,17.4716632910131,17.4716632910131,18.241100165992975,2,down,1,0.7676921249949373,None,pilot,001,2025-09-09_12h23.12.914,orientation discrimination_bhakti,,2025.1.1,None,2025-09-09 12h23.24.317945 +0530,
12,0,12,0,up,0,0.5141144590161275,None,12,0,12,0,18.24903395801084,,18.241459999990184,18.24903395801084,19.238416582986247,19.238416582986247,19.757529875001637,0,up,0,0.5141144590161275,None,pilot,001,2025-09-09_12h23.12.914,orientation discrimination_bhakti,,2025.1.1,None,2025-09-09 12h23.24.317945 +0530,
13,0,13,1,up,1,0.4695484160038177,None,13,0,13,0,19.76481908300775,,19.757776915997965,19.76481908300775,20.754907041002298,20.754907041002298,21.235315249999985,1,up,1,0.4695484160038177,None,pilot,001,2025-09-09_12h23.12.914,orientation discrimination_bhakti,,2025.1.1,None,2025-09-09 12h23.24.317945 +0530,
14,0,14,3,down,1,0.5190165419771802,None,14,0,14,0,21.240695457992842,,21.235655041004065,21.240695457992842,22.232279374991776,22.237957041012123,22.75757070799591,3,down,1,0.5190165419771802,None,pilot,001,2025-09-09_12h23.12.914,orientation discrimination_bhakti,,2025.1.1,None,2025-09-09 12h23.24.317945 +0530,
15,0,15,0,down,1,0.5828994590265211,None,15,0,15,0,22.765192499995464,,22.75783354099258,22.765192499995464,23.755371665989514,23.755371665989514,24.340380874986295,0,down,1,0.5828994590265211,None,pilot,001,2025-09-09_12h23.12.914,orientation discrimination_bhakti,,2025.1.1,None,2025-09-09 12h23.24.317945 +0530,
16,0,16,1,up,1,0.5216691669775173,None,16,0,16,0,24.34897395799635,,24.34060787499766,24.34897395799635,25.338683999987552,25.338683999987552,25.86872145801317,1,up,1,0.5216691669775173,None,pilot,001,2025-09-09_12h23.12.914,orientation discrimination_bhakti,,2025.1.1,None,2025-09-09 12h23.24.317945 +0530,
17,0,17,1,down,1,0.5034920829930343,None,17,0,17,0,25.873708791012177,,25.869015665986808,25.873708791012177,26.865779749990907,26.87168058298994,27.37461495801108,1,down,1,0.5034920829930343,None,pilot,001,2025-09-09_12h23.12.914,orientation discrimination_bhakti,,2025.1.1,None,2025-09-09 12h23.24.317945 +0530,
18,0,18,4,down,1,0.661655542004155,None,18,0,18,0,27.381298291002167,,27.374830874992767,27.381298291002167,28.37159141601296,28.37159141601296,29.035616665991256,4,down,1,0.661655542004155,None,pilot,001,2025-09-09_12h23.12.914,orientation discrimination_bhakti,,2025.1.1,None,2025-09-09 12h23.24.317945 +0530,
19,0,19,0,down,1,0.43588849998195656,None,19,0,19,0,29.039475166006014,,29.035952583013568,29.039475166006014,30.03235766600119,30.038340375002008,30.474868207995314,0,down,1,0.43588849998195656,None,pilot,001,2025-09-09_12h23.12.914,orientation discrimination_bhakti,,2025.1.1,None,2025-09-09 12h23.24.317945 +0530,
20,0,20,0,up,1,0.6273544590221718,None,20,0,20,0,30.481375291012228,,30.475136583001586,30.481375291012228,31.471809250011574,31.471809250011574,32.10255104099633,0,up,1,0.6273544590221718,None,pilot,001,2025-09-09_12h23.12.914,orientation discrimination_bhakti,,2025.1.1,None,2025-09-09 12h23.24.317945 +0530,
21,0,21,0,up,1,0.5099287500197534,None,21,0,21,0,32.107961291010724,,32.102821457985556,32.107961291010724,33.09916533299838,33.10465270798886,33.618438957986655,0,up,1,0.5099287500197534,None,pilot,001,2025-09-09_12h23.12.914,orientation discrimination_bhakti,,2025.1.1,None,2025-09-09 12h23.24.317945 +0530,
22,0,22,0,down,0,0.39750387499225326,None,22,0,22,0,33.62377966599888,,33.61874354101019,33.62377966599888,34.615636915987125,34.62139124999521,35.01884729100857,0,down,0,0.39750387499225326,None,pilot,001,2025-09-09_12h23.12.914,orientation discrimination_bhakti,,2025.1.1,None,2025-09-09 12h23.24.317945 +0530,
23,0,23,3,up,1,0.5984839579905383,None,23,0,23,0,35.02438737498596,,35.019148791005136,35.02438737498596,36.015588125010254,36.021014750003815,36.6183437499858,3,up,1,0.5984839579905383,None,pilot,001,2025-09-09_12h23.12.914,orientation discrimination_bhakti,,2025.1.1,None,2025-09-09 12h23.24.317945 +0530,
24,0,24,0,down,1,0.474372750002658,None,24,0,24,0,36.62366049998673,,36.618620916007785,36.62366049998673,37.615696041000774,37.621711290994426,38.10151162499096,0,down,1,0.474372750002658,None,pilot,001,2025-09-09_12h23.12.914,orientation discrimination_bhakti,,2025.1.1,None,2025-09-09 12h23.24.317945 +0530,
25,0,25,-4,up,1,0.5839866249880288,None,25,0,25,0,38.10656308301259,,38.10174845799338,38.10656308301259,39.099024249997456,39.104487458011135,39.68547741600196,-4,up,1,0.5839866249880288,None,pilot,001,2025-09-09_12h23.12.914,orientation discrimination_bhakti,,2025.1.1,None,2025-09-09 12h23.24.317945 +0530,
26,0,26,0,down,1,0.3376473339740187,None,26,0,26,0,39.6904130000039,,39.685735208011465,39.6904130000039,40.682356957986485,40.68777166600921,41.023774208006216,0,down,1,0.3376473339740187,None,pilot,001,2025-09-09_12h23.12.914,orientation discrimination_bhakti,,2025.1.1,None,2025-09-09 12h23.24.317945 +0530,
27,0,27,1,down,0,0.43719004199374467,None,27,0,27,0,41.03225499999826,,41.02399295801297,41.03225499999826,42.02172133300337,42.02172133300337,42.46873312498792,1,down,0,0.43719004199374467,None,pilot,001,2025-09-09_12h23.12.914,orientation discrimination_bhakti,,2025.1.1,None,2025-09-09 12h23.24.317945 +0530,
28,0,28,0,up,0,0.2932063329790253,None,28,0,28,0,42.47385166599997,,42.469046000012895,42.47385166599997,43.46571895800298,43.47173183300765,43.76868720800849,0,up,0,0.2932063329790253,None,pilot,001,2025-09-09_12h23.12.914,orientation discrimination_bhakti,,2025.1.1,None,2025-09-09 12h23.24.317945 +0530,
29,0,29,0,down,0,0.3319309579965193,None,29,0,29,0,43.77390058300807,,43.76897083298536,43.77390058300807,44.76597499998752,44.77197941599297,45.10231975000352,0,down,0,0.3319309579965193,None,pilot,001,2025-09-09_12h23.12.914,orientation discrimination_bhakti,,2025.1.1,None,2025-09-09 12h23.24.317945 +0530,
30,0,30,4,up,1,0.6445965840248391,None,30,0,30,0,45.10716295801103,,45.102571458002785,45.10716295801103,46.099226916005136,46.10517916598474,46.751973165984964,4,up,1,0.6445965840248391,None,pilot,001,2025-09-09_12h23.12.914,orientation discrimination_bhakti,,2025.1.1,None,2025-09-09 12h23.24.317945 +0530,
31,0,31,1,down,1,0.45661262501380406,None,31,0,31,0,46.75716099998681,,46.75226974999532,46.75716099998681,47.7492184159928,47.75499095799751,48.207239000010304,1,down,1,0.45661262501380406,None,pilot,001,2025-09-09_12h23.12.914,orientation discrimination_bhakti,,2025.1.1,None,2025-09-09 12h23.24.317945 +0530,
32,0,32,0,down,1,0.4743152500013821,None,32,0,32,0,48.21570862500812,,48.207479875010904,48.21570862500812,49.20542533299886,49.20542533299886,49.68508704099804,0,down,1,0.4743152500013821,None,pilot,001,2025-09-09_12h23.12.914,orientation discrimination_bhakti,,2025.1.1,None,2025-09-09 12h23.24.317945 +0530,
33,0,33,0,down,0,0.7455182089761365,None,33,0,33,0,49.68990970798768,,49.68530449998798,49.68990970798768,50.68228879099479,50.688163874991005,51.43547950001084,0,down,0,0.7455182089761365,None,pilot,001,2025-09-09_12h23.12.914,orientation discrimination_bhakti,,2025.1.1,None,2025-09-09 12h23.24.317945 +0530,
34,0,34,-4,down,0,0.41343933300231583,None,34,0,34,0,51.44069470799877,,51.435735165985534,51.44069470799877,52.432368832989596,52.43783116599661,52.85152641599416,-4,down,0,0.41343933300231583,None,pilot,001,2025-09-09_12h23.12.914,orientation discrimination_bhakti,,2025.1.1,None,2025-09-09 12h23.24.317945 +0530,
35,0,35,-4,down,1,0.548516542010475,None,35,0,35,0,52.85633549999329,,52.85176966601284,52.85633549999329,53.84918225000729,53.85459350000019,54.402194374997634,-4,down,1,0.548516542010475,None,pilot,001,2025-09-09_12h23.12.914,orientation discrimination_bhakti,,2025.1.1,None,2025-09-09 12h23.24.317945 +0530,
36,0,36,0,down,1,0.5315150000096764,None,36,0,36,0,54.40712600000552,,54.40244579099817,54.40712600000552,55.39914887500345,55.40496424998855,55.93536837500869,0,down,1,0.5315150000096764,None,pilot,001,2025-09-09_12h23.12.914,orientation discrimination_bhakti,,2025.1.1,None,2025-09-09 12h23.24.317945 +0530,
37,0,37,-5,up,1,0.5211556669964921,None,37,0,37,0,55.94020775001263,,55.93557574998704,55.94020775001263,56.932510790997185,56.93798441599938,57.45795383298537,-5,up,1,0.5211556669964921,None,pilot,001,2025-09-09_12h23.12.914,orientation discrimination_bhakti,,2025.1.1,None,2025-09-09 12h23.24.317945 +0530,
38,0,38,1,down,1,0.4373083339887671,None,38,0,38,0,57.465050250000786,,57.45825108300778,57.465050250000786,58.45525358300074,58.45525358300074,58.902109874994494,1,down,1,0.4373083339887671,None,pilot,001,2025-09-09_12h23.12.914,orientation discrimination_bhakti,,2025.1.1,None,2025-09-09 12h23.24.317945 +0530,
39,0,39,-3,down,1,0.6615184999827761,None,39,0,39,0,58.90702779099229,,58.90239387500333,58.90702779099229,59.8991050409968,59.905091749998974,60.56839308299823,-3,down,1,0.6615184999827761,None,pilot,001,2025-09-09_12h23.12.914,orientation discrimination_bhakti,,2025.1.1,None,2025-09-09 12h23.24.317945 +0530,
40,0,40,1,down,1,0.4625806249969173,None,40,0,40,0,60.573204040993005,,60.56863908300875,60.573204040993005,61.56601670800592,61.57173741600127,62.03549841599306,1,down,1,0.4625806249969173,None,pilot,001,2025-09-09_12h23.12.914,orientation discrimination_bhakti,,2025.1.1,None,2025-09-09 12h23.24.317945 +0530,
41,0,41,-5,up,0,0.4911365830048453,None,41,0,41,0,62.04026275000069,,62.035739665996516,62.04026275000069,63.032381958008045,63.038300082989736,63.52475020798738,-5,up,0,0.4911365830048453,None,pilot,001,2025-09-09_12h23.12.914,orientation discrimination_bhakti,,2025.1.1,None,2025-09-09 12h23.24.317945 +0530,
42,0,42,2,down,1,0.4068299579957966,None,42,0,42,0,63.53237220799201,,63.52503054100089,63.53237220799201,64.52172116600559,64.52172116600559,64.93551591600408,2,down,1,0.4068299579957966,None,pilot,001,2025-09-09_12h23.12.914,orientation discrimination_bhakti,,2025.1.1,None,2025-09-09 12h23.24.317945 +0530,
43,0,43,-3,up,0,0.5486185000045225,None,43,0,43,0,64.94034179099253,,64.93575587499072,64.94034179099253,65.93239079098566,65.93779083300615,66.48558599999524,-3,up,0,0.5486185000045225,None,pilot,001,2025-09-09_12h23.12.914,orientation discrimination_bhakti,,2025.1.1,None,2025-09-09 12h23.24.317945 +0530,
44,0,44,0,down,1,0.40197204099968076,None,44,0,44,0,66.49031125000329,,66.48582999999053,66.49031125000329,67.48246204099269,67.48830454100971,67.88563745800639,0,down,1,0.40197204099968076,None,pilot,001,2025-09-09_12h23.12.914,orientation discrimination_bhakti,,2025.1.1,None,2025-09-09 12h23.24.317945 +0530,
45,0,45,0,down,0,0.40957137499935925,None,45,0,45,0,67.88934983298532,,67.88588579100906,67.88934983298532,68.88274733300204,68.88808954099659,69.30225004098611,0,down,0,0.40957137499935925,None,pilot,001,2025-09-09_12h23.12.914,orientation discrimination_bhakti,,2025.1.1,None,2025-09-09 12h23.24.317945 +0530,
46,0,46,0,down,0,0.4652702499879524,None,46,0,46,0,69.30744329100708,,69.30250858300133,69.30744329100708,70.29910608299542,70.30504966599983,70.7686422909901,0,down,0,0.4652702499879524,None,pilot,001,2025-09-09_12h23.12.914,orientation discrimination_bhakti,,2025.1.1,None,2025-09-09 12h23.24.317945 +0530,
47,0,47,0,down,0,0.4193061249970924,None,47,0,47,0,70.77338274999056,,70.76885266599129,70.77338274999056,71.76608104098705,71.77188108299742,72.19149320799625,0,down,0,0.4193061249970924,None,pilot,001,2025-09-09_12h23.12.914,orientation discrimination_bhakti,,2025.1.1,None,2025-09-09 12h23.24.317945 +0530,
48,0,48,-4,up,1,0.5419908750045579,None,48,0,48,0,72.19810599999619,,72.19176766599412,72.19810599999619,73.18844595798873,73.18844595798873,73.73552591601037,-4,up,1,0.5419908750045579,None,pilot,001,2025-09-09_12h23.12.914,orientation discrimination_bhakti,,2025.1.1,None,2025-09-09 12h23.24.317945 +0530,
49,0,49,-2,down,1,0.34667629198520444,None,49,0,49,0,73.74084154100274,,73.73582929099211,73.74084154100274,74.73252333299024,74.73809400000027,75.08553716598544,-2,down,1,0.34667629198520444,None,pilot,001,2025-09-09_12h23.12.914,orientation discrimination_bhakti,,2025.1.1,None,2025-09-09 12h23.24.317945 +0530,
50,0,50,0,down,1,0.6894738340051845,None,50,0,50,0,75.09076220801217,,75.08582712500356,75.09076220801217,76.08261549999588,76.08867374999681,76.77393575001042,0,down,1,0.6894738340051845,None,pilot,001,2025-09-09_12h23.12.914,orientation discrimination_bhakti,,2025.1.1,None,2025-09-09 12h23.24.317945 +0530,
51,0,51,0,up,1,0.554446750000352,None,51,0,51,0,76.78260683300323,,76.77414666599361,76.78260683300323,77.77207720800652,77.77207720800652,78.33545983300428,0,up,1,0.554446750000352,None,pilot,001,2025-09-09_12h23.12.914,orientation discrimination_bhakti,,2025.1.1,None,2025-09-09 12h23.24.317945 +0530,
52,0,52,3,down,0,0.37463745899731293,None,52,0,52,0,78.34032291598851,,78.33567258299445,78.34032291598851,79.33253145799972,79.33845912499237,79.71883520801202,3,down,0,0.37463745899731293,None,pilot,001,2025-09-09_12h23.12.914,orientation discrimination_bhakti,,2025.1.1,None,2025-09-09 12h23.24.317945 +0530,
53,0,53,4,up,0,0.40425995900295675,None,53,0,53,0,79.72381875000428,,79.71913824998774,79.72381875000428,80.71589220801252,80.72132920799777,81.12441370799206,4,up,0,0.40425995900295675,None,pilot,001,2025-09-09_12h23.12.914,orientation discrimination_bhakti,,2025.1.1,None,2025-09-09 12h23.24.317945 +0530,
54,0,54,0,down,1,0.5501542499987409,None,54,0,54,0,81.1323382499977,,81.12465441599488,81.1323382499977,82.12178941600723,82.12178941600723,82.6739807910053,0,down,1,0.5501542499987409,None,pilot,001,2025-09-09_12h23.12.914,orientation discrimination_bhakti,,2025.1.1,None,2025-09-09 12h23.24.317945 +0530,
55,0,55,0,down,0,0.4437154999759514,None,55,0,55,0,82.68259004098945,,82.67418158298824,82.68259004098945,83.67233191599371,83.67233191599371,84.11897504099761,0,down,0,0.4437154999759514,None,pilot,001,2025-09-09_12h23.12.914,orientation discrimination_bhakti,,2025.1.1,None,2025-09-09 12h23.24.317945 +0530,
56,0,56,4,up,1,0.5422384169942234,None,56,0,56,0,84.122700582986,,84.11926199999289,84.122700582986,85.11586704099318,85.11586704099318,85.66904574999353,4,up,1,0.5422384169942234,None,pilot,001,2025-09-09_12h23.12.914,orientation discrimination_bhakti,,2025.1.1,None,2025-09-09 12h23.24.317945 +0530,
57,0,57,0,down,1,0.6120039169909433,None,57,0,57,0,85.6743087079958,,85.66934604098788,85.6743087079958,86.66603720799321,86.67198474999168,87.2858460409916,0,down,1,0.6120039169909433,None,pilot,001,2025-09-09_12h23.12.914,orientation discrimination_bhakti,,2025.1.1,None,2025-09-09 12h23.24.317945 +0530,
58,0,58,0,down,0,0.4974722920160275,None,58,0,58,0,87.29131933298777,,87.28610858300817,87.29131933298777,88.28266370799975,88.28823070798535,88.78560041601304,0,down,0,0.4974722920160275,None,pilot,001,2025-09-09_12h23.12.914,orientation discrimination_bhakti,,2025.1.1,None,2025-09-09 12h23.24.317945 +0530,
59,0,59,4,down,0,0.3471885829931125,None,59,0,59,0,88.79090604098747,,88.78585795799154,88.79090604098747,89.78281916599371,89.7888252499979,90.13560087498627,4,down,0,0.3471885829931125,None,pilot,001,2025-09-09_12h23.12.914,orientation discrimination_bhakti,,2025.1.1,None,2025-09-09 12h23.24.317945 +0530,
60,0,60,-2,down,1,0.46219687501434237,None,60,0,60,0,90.1406347079901,,90.13591391599039,90.1406347079901,91.1325866660045,91.13871875000768,91.60232620799798,-2,down,1,0.46219687501434237,None,pilot,001,2025-09-09_12h23.12.914,orientation discrimination_bhakti,,2025.1.1,None,2025-09-09 12h23.24.317945 +0530,
61,0,61,2,up,0,0.5395105420029722,None,61,0,61,0,91.60793466601172,,91.6026486250048,91.60793466601172,92.59924754098756,92.60486433299957,93.1404767910135,2,up,0,0.5395105420029722,None,pilot,001,2025-09-09_12h23.12.914,orientation discrimination_bhakti,,2025.1.1,None,2025-09-09 12h23.24.317945 +0530,
62,0,62,-3,down,1,0.46441608399618417,None,62,0,62,0,93.14927749999333,,93.1407454579894,93.14927749999333,94.13844837498618,94.13844837498618,94.6082202079997,-3,down,1,0.46441608399618417,None,pilot,001,2025-09-09_12h23.12.914,orientation discrimination_bhakti,,2025.1.1,None,2025-09-09 12h23.24.317945 +0530,
63,0,63,3,down,1,0.42741095801466145,None,63,0,63,0,94.61509604100138,,94.60847158299293,94.61509604100138,95.60536170800333,95.60536170800333,96.0360530409962,3,down,1,0.42741095801466145,None,pilot,001,2025-09-09_12h23.12.914,orientation discrimination_bhakti,,2025.1.1,None,2025-09-09 12h23.24.317945 +0530,
64,0,64,0,up,0,0.40421604199218564,None,64,0,64,0,96.04115629100124,,96.03631454100832,96.04115629100124,97.03256691599381,97.03853195800912,97.44148762500845,0,up,0,0.40421604199218564,None,pilot,001,2025-09-09_12h23.12.914,orientation discrimination_bhakti,,2025.1.1,None,2025-09-09 12h23.24.317945 +0530,
65,0,65,0,up,1,0.661022917018272,None,65,0,65,0,97.44819537500734,,97.44178962500882,97.44819537500734,98.43856254100683,98.43856254100683,99.10248429101193,0,up,1,0.661022917018272,None,pilot,001,2025-09-09_12h23.12.914,orientation discrimination_bhakti,,2025.1.1,None,2025-09-09 12h23.24.317945 +0530,
66,0,66,-4,down,0,0.36205366600188427,None,66,0,66,0,99.1078254999884,,99.10275175000424,99.1078254999884,100.09953858298832,100.10519666600158,100.46897354099201,-4,down,0,0.36205366600188427,None,pilot,001,2025-09-09_12h23.12.914,orientation discrimination_bhakti,,2025.1.1,None,2025-09-09 12h23.24.317945 +0530,
67,0,67,0,down,1,0.4237124999926891,None,67,0,67,0,100.4739515830006,,100.46926820799126,100.4739515830006,101.4661896660109,101.47199433299829,101.89169162500184,0,down,1,0.4237124999926891,None,pilot,001,2025-09-09_12h23.12.914,orientation discrimination_bhakti,,2025.1.1,None,2025-09-09 12h23.24.317945 +0530,
68,0,68,-5,down,0,0.418251707975287,None,68,0,68,0,101.89924974998576,,101.89197674999014,101.89924974998576,102.88784562499495,102.88784562499495,103.3181260410056,-5,down,0,0.418251707975287,None,pilot,001,2025-09-09_12h23.12.914,orientation discrimination_bhakti,,2025.1.1,None,2025-09-09 12h23.24.317945 +0530,
69,0,69,-5,down,1,0.24673908299882896,None,69,0,69,0,103.3233515410102,,103.31839525001124,103.3233515410102,104.31592120800633,104.32202299998607,104.56911091599613,-5,down,1,0.24673908299882896,None,pilot,001,2025-09-09_12h23.12.914,orientation discrimination_bhakti,,2025.1.1,None,2025-09-09 12h23.24.317945 +0530,
70,0,70,0,down,1,0.34873262501787394,None,70,0,70,0,104.57455570800812,,104.56943866598886,104.57455570800812,105.56587804100127,105.57182533299783,105.9190157080011,0,down,1,0.34873262501787394,None,pilot,001,2025-09-09_12h23.12.914,orientation discrimination_bhakti,,2025.1.1,None,2025-09-09 12h23.24.317945 +0530,
71,0,71,4,down,0,0.5284910000045784,None,71,0,71,0,105.9227756659966,,105.9192713329976,105.9227756659966,106.91610933298944,106.91610933298944,107.45275575001142,4,down,0,0.5284910000045784,None,pilot,001,2025-09-09_12h23.12.914,orientation discrimination_bhakti,,2025.1.1,None,2025-09-09 12h23.24.317945 +0530,
72,0,72,0,down,1,0.5031958339968696,None,72,0,72,0,107.45858862501336,,107.45312179101165,107.45858862501336,108.44926416600356,108.45536445800099,108.95746691600652,0,down,1,0.5031958339968696,None,pilot,001,2025-09-09_12h23.12.914,orientation discrimination_bhakti,,2025.1.1,None,2025-09-09 12h23.24.317945 +0530,
73,0,73,0,up,1,0.38511191701400094,None,73,0,73,0,108.96603462498751,,108.95769204100361,108.96603462498751,109.95541795800091,109.95541795800091,110.34161854098784,0,up,1,0.38511191701400094,None,pilot,001,2025-09-09_12h23.12.914,orientation discrimination_bhakti,,2025.1.1,None,2025-09-09 12h23.24.317945 +0530,
74,0,74,3,down,0,1.0364853749924805,None,74,0,74,0,110.3492911249923,,110.34187274999567,110.3492911249923,111.33901954098837,111.33901954098837,112.38534966600128,3,down,0,1.0364853749924805,None,pilot,001,2025-09-09_12h23.12.914,orientation discrimination_bhakti,,2025.1.1,None,2025-09-09 12h23.24.317945 +0530,
75,0,75,0,down,1,0.637789917003829,None,75,0,75,0,112.39031612500548,,112.38561270799255,112.39031612500548,113.38264745799825,113.38877041600063,114.02484479101258,0,down,1,0.637789917003829,None,pilot,001,2025-09-09_12h23.12.914,orientation discrimination_bhakti,,2025.1.1,None,2025-09-09 12h23.24.317945 +0530,
76,0,76,3,down,0,0.5634040829900187,None,76,0,76,0,114.03173966601025,,114.02509833298973,114.03173966601025,115.02200579099008,115.02200579099008,115.59098712500418,3,down,0,0.5634040829900187,None,pilot,001,2025-09-09_12h23.12.914,orientation discrimination_bhakti,,2025.1.1,None,2025-09-09 12h23.24.317945 +0530,
77,0,77,0,down,1,0.5605101250112057,None,77,0,77,0,115.59924049998517,,115.59123487499892,115.59924049998517,116.58886129100574,116.58886129100574,117.15229399999953,0,down,1,0.5605101250112057,None,pilot,001,2025-09-09_12h23.12.914,orientation discrimination_bhakti,,2025.1.1,None,2025-09-09 12h23.24.317945 +0530,
78,0,78,2,down,0,0.8839578749903012,None,78,0,78,0,117.15600345798885,,117.15254283300601,117.15600345798885,118.14931745801005,118.14931745801005,119.03565904099378,2,down,0,0.8839578749903012,None,pilot,001,2025-09-09_12h23.12.914,orientation discrimination_bhakti,,2025.1.1,None,2025-09-09 12h23.24.317945 +0530,
79,0,79,1,down,1,0.44433833300718106,None,79,0,79,0,119.04055574999074,,119.03590287500992,119.04055574999074,120.03295983301359,120.03847974998644,120.48553795801126,1,down,1,0.44433833300718106,None,pilot,001,2025-09-09_12h23.12.914,orientation discrimination_bhakti,,2025.1.1,None,2025-09-09 12h23.24.317945 +0530,
80,0,80,0,down,1,0.4904541669820901,None,80,0,80,0,120.49105512499227,,120.48583783299546,120.49105512499227,121.48268854100024,121.48868987499736,121.9744742079929,0,down,1,0.4904541669820901,None,pilot,001,2025-09-09_12h23.12.914,orientation discrimination_bhakti,,2025.1.1,None,2025-09-09 12h23.24.317945 +0530,
81,0,81,0,up,1,0.6564022499951534,None,81,0,81,0,121.98265724998782,,121.97469312499743,121.98265724998782,122.97178416600218,122.97178416600218,123.6356382080121,0,up,1,0.6564022499951534,None,pilot,001,2025-09-09_12h23.12.914,orientation discrimination_bhakti,,2025.1.1,None,2025-09-09 12h23.24.317945 +0530,
82,0,82,-2,down,0,0.43419466700288467,None,82,0,82,0,123.6404953750025,,123.63583841599757,123.6404953750025,124.63298629099154,124.63847879099194,125.06913916600752,-2,down,0,0.43419466700288467,None,pilot,001,2025-09-09_12h23.12.914,orientation discrimination_bhakti,,2025.1.1,None,2025-09-09 12h23.24.317945 +0530,
83,0,83,0,down,1,0.5857452080235817,None,83,0,83,0,125.07291216601152,,125.06937816599384,125.07291216601152,126.06631150000612,126.07224354101345,126.65727183301351,0,down,1,0.5857452080235817,None,pilot,001,2025-09-09_12h23.12.914,orientation discrimination_bhakti,,2025.1.1,None,2025-09-09 12h23.24.317945 +0530,
84,0,84,1,down,0,0.6972958749975078,None,84,0,84,0,126.6659892500029,,126.6574747079867,126.6659892500029,127.65499129099771,127.65499129099771,128.35819175001234,1,down,0,0.6972958749975078,None,pilot,001,2025-09-09_12h23.12.914,orientation discrimination_bhakti,,2025.1.1,None,2025-09-09 12h23.24.317945 +0530,
85,0,85,0,down,1,0.618463624996366,None,85,0,85,0,128.36531887500314,,128.35848200001055,128.36531887500314,129.35556100000395,129.35556100000395,129.98471837499528,0,down,1,0.618463624996366,None,pilot,001,2025-09-09_12h23.12.914,orientation discrimination_bhakti,,2025.1.1,None,2025-09-09 12h23.24.317945 +0530,
86,0,86,0,down,0,0.585192458005622,None,86,0,86,0,129.98984904101235,,129.9849711660063,129.98984904101235,130.98276229100884,130.98826974999974,131.56938100000843,0,down,0,0.585192458005622,None,pilot,001,2025-09-09_12h23.12.914,orientation discrimination_bhakti,,2025.1.1,None,2025-09-09 12h23.24.317945 +0530,
87,0,87,-5,down,0,0.587895207980182,None,87,0,87,0,131.5732712080062,,131.56963329098653,131.5732712080062,132.56610391600407,132.57159999999567,133.15797512501013,-5,down,0,0.587895207980182,None,pilot,001,2025-09-09_12h23.12.914,orientation discrimination_bhakti,,2025.1.1,None,2025-09-09 12h23.24.317945 +0530,
88,0,88,-2,down,1,0.4646643750020303,None,88,0,88,0,133.16522066600737,,133.1582704159955,133.16522066600737,134.15526962498552,134.15526962498552,134.62482337499387,-2,down,1,0.4646643750020303,None,pilot,001,2025-09-09_12h23.12.914,orientation discrimination_bhakti,,2025.1.1,None,2025-09-09 12h23.24.317945 +0530,
89,0,89,0,down,1,0.7945417090086266,None,89,0,89,0,134.6321208330046,,134.6250715829956,134.6321208330046,135.62238362501375,135.62238362501375,136.4190585000033,0,down,1,0.7945417090086266,None,pilot,001,2025-09-09_12h23.12.914,orientation discrimination_bhakti,,2025.1.1,None,2025-09-09 12h23.24.317945 +0530,
90,0,90,-3,down,0,0.796716834011022,None,90,0,90,0,136.4226793750131,,136.41926824999973,136.4226793750131,137.41611366599682,137.41611366599682,138.2190511249937,-3,down,0,0.796716834011022,None,pilot,001,2025-09-09_12h23.12.914,orientation discrimination_bhakti,,2025.1.1,None,2025-09-09 12h23.24.317945 +0530,
91,0,91,-5,down,1,0.69649699999718,None,91,0,91,0,138.22425670799566,,138.2193290409923,138.22425670799566,139.2163315830112,139.22207783299382,139.91876087500714,-5,down,1,0.69649699999718,None,pilot,001,2025-09-09_12h23.12.914,orientation discrimination_bhakti,,2025.1.1,None,2025-09-09 12h23.24.317945 +0530,
92,0,92,0,down,1,0.5855768339824863,None,92,0,92,0,139.92249470800743,,139.91903062499478,139.92249470800743,140.91619179100962,140.91619179100962,141.5084981250111,0,down,1,0.5855768339824863,None,pilot,001,2025-09-09_12h23.12.914,orientation discrimination_bhakti,,2025.1.1,None,2025-09-09 12h23.24.317945 +0530,
93,0,93,-5,down,0,0.7101636659936048,None,93,0,93,0,141.5151026659878,,141.50872095799423,141.5151026659878,142.50563783300458,142.50563783300458,143.2192423749948,-5,down,0,0.7101636659936048,None,pilot,001,2025-09-09_12h23.12.914,orientation discrimination_bhakti,,2025.1.1,None,2025-09-09 12h23.24.317945 +0530,
94,0,94,-2,down,1,0.4444885829871055,None,94,0,94,0,143.22469183299108,,143.21952841599705,143.22469183299108,144.2162975000101,144.22194170800503,144.66913812499843,-2,down,1,0.4444885829871055,None,pilot,001,2025-09-09_12h23.12.914,orientation discrimination_bhakti,,2025.1.1,None,2025-09-09 12h23.24.317945 +0530,
95,0,95,-4,up,0,0.498415042005945,None,95,0,95,0,144.67423112501274,,144.6694406660099,144.67423112501274,145.66633266600547,145.67171258298913,146.16912199999206,-4,up,0,0.498415042005945,None,pilot,001,2025-09-09_12h23.12.914,orientation discrimination_bhakti,,2025.1.1,None,2025-09-09 12h23.24.317945 +0530,
96,0,96,0,down,1,0.5655662089993712,None,96,0,96,0,146.17283037499874,,146.16940279101254,146.17283037499874,147.16624912500265,147.1720900409855,147.7353191250004,0,down,1,0.5655662089993712,None,pilot,001,2025-09-09_12h23.12.914,orientation discrimination_bhakti,,2025.1.1,None,2025-09-09 12h23.24.317945 +0530,
97,0,97,-4,up,1,0.4998229579941835,None,97,0,97,0,147.7401608749933,,147.73553695800365,147.7401608749933,148.73275891601224,148.73823395799263,149.23524458298925,-4,up,1,0.4998229579941835,None,pilot,001,2025-09-09_12h23.12.914,orientation discrimination_bhakti,,2025.1.1,None,2025-09-09 12h23.24.317945 +0530,
98,0,98,0,down,1,0.6378604579949751,None,98,0,98,0,149.23885283299023,,149.2354843330104,149.23885283299023,150.23278433299856,150.23278433299856,150.87410295801237,0,down,1,0.6378604579949751,None,pilot,001,2025-09-09_12h23.12.914,orientation discrimination_bhakti,,2025.1.1,None,2025-09-09 12h23.24.317945 +0530,
99,0,99,-2,down,0,0.7730695420177653,None,99,0,99,0,150.88282858300954,,150.87430195798515,150.88282858300954,151.87257825001143,151.87257825001143,152.65268654099782,-2,down,0,0.7730695420177653,None,pilot,001,2025-09-09_12h23.12.914,orientation discrimination_bhakti,,2025.1.1,None,2025-09-09 12h23.24.317945 +0530,
