thisN,thisTrialN,thisRepN,mouse.x,mouse.y,mouse.leftButton,mouse.midButton,mouse.rightButton,mouse.time,mouse.clicked_name,trials.thisRepN,trials.thisTrialN,trials.thisN,trials.thisIndex,thisRow.t,notes,num_distr,trial.started,fixation.started,target.started,mouse.started,trial.stopped,trials.mouse.x,trials.mouse.y,trials.mouse.leftButton,trials.mouse.midButton,trials.mouse.rightButton,trials.mouse.time,trials.mouse.clicked_name,participant,session,date,expName,expVersion,psychopyVersion,frameRate,expStart,
0,0,0,[np.float64(-0.17154811715481172)],[np.float64(0.051255230125523014)],[1],[0],[0],[0.9461990410054568],[None],0,0,0,0,0.09358324999629986,,10,0.07705974999407772,0.09358324999629986,0.09358324999629986,0.07707666599890217,1.0233255000057397,[np.float64(-0.17154811715481172)],[np.float64(0.051255230125523014)],[1],[0],[0],[0.9461990410054568],[None],04,001,2025-10-01_19h12.35.392,visual search,,2025.1.1,None,2025-10-01 19h12.42.173735 +0530,
1,0,1,[np.float64(-0.46548117154811713)],[np.float64(0.41631799163179917)],[1],[0],[0],[0.8928799160057679],[None],1,0,1,0,1.0523344590037595,,10,1.0425821249955334,1.0523344590037595,1.0523344590037595,0.01898279201122932,1.9355159169936087,[np.float64(-0.46548117154811713)],[np.float64(0.41631799163179917)],[1],[0],[0],[0.8928799160057679],[None],04,001,2025-10-01_19h12.35.392,visual search,,2025.1.1,None,2025-10-01 19h12.42.173735 +0530,
2,0,2,[np.float64(-0.33368200836820083)],[np.float64(-0.29811715481171547)],[1],[0],[0],[1.3573001670010854],['target'],2,0,2,0,1.953227459001937,,5,1.945077249998576,1.953227459001937,1.953227459001937,0.00940954199177213,3.302446333997068,[np.float64(-0.33368200836820083)],[np.float64(-0.29811715481171547)],[1],[0],[0],[1.3573001670010854],['target'],04,001,2025-10-01_19h12.35.392,visual search,,2025.1.1,None,2025-10-01 19h12.42.173735 +0530,
3,0,3,[np.float64(0.28556485355648537)],[np.float64(-0.4581589958158996)],[1],[0],[0],[0.9869615839998005],['target'],3,0,3,0,3.324856749997707,,5,3.3159668339940254,3.324856749997707,3.324856749997707,0.013330166999367066,4.30299629199726,[np.float64(0.28556485355648537)],[np.float64(-0.4581589958158996)],[1],[0],[0],[0.9869615839998005],['target'],04,001,2025-10-01_19h12.35.392,visual search,,2025.1.1,None,2025-10-01 19h12.42.173735 +0530,
4,0,4,[np.float64(-0.056485355648535567)],[np.float64(0.48326359832635984)],[1],[0],[0],[1.6510526670026593],[None],4,0,4,0,4.335515166996629,,10,4.324894667006447,4.335515166996629,4.335515166996629,0.021711000008508563,5.975990874998388,[np.float64(-0.056485355648535567)],[np.float64(0.48326359832635984)],[1],[0],[0],[1.6510526670026593],[None],04,001,2025-10-01_19h12.35.392,visual search,,2025.1.1,None,2025-10-01 19h12.42.173735 +0530,
5,0,5,[np.float64(0.4027196652719665)],[np.float64(0.13807531380753138)],[1],[0],[0],[0.9003930000035325],[None],5,0,5,0,5.992263916996308,,5,5.985392375005176,5.992263916996308,5.992263916996308,0.00926504100789316,6.885846292003407,[np.float64(0.4027196652719665)],[np.float64(0.13807531380753138)],[1],[0],[0],[0.9003930000035325],[None],04,001,2025-10-01_19h12.35.392,visual search,,2025.1.1,None,2025-10-01 19h12.42.173735 +0530,
6,0,6,[np.float64(-0.04497907949790795)],[np.float64(0.1297071129707113)],[1],[0],[0],[0.7868305000010878],['target'],6,0,6,0,6.905893083996489,,5,6.897693749997416,6.905893083996489,6.905893083996489,0.011678458991809748,7.6845866670046235,[np.float64(-0.04497907949790795)],[np.float64(0.1297071129707113)],[1],[0],[0],[0.7868305000010878],['target'],04,001,2025-10-01_19h12.35.392,visual search,,2025.1.1,None,2025-10-01 19h12.42.173735 +0530,
7,0,7,[np.float64(-0.19665271966527198)],[np.float64(-0.38702928870292885)],[1],[0],[0],[0.9899549999972805],[None],7,0,7,0,7.706191208999371,,5,7.697605209003086,7.706191208999371,7.706191208999371,0.01281300000846386,8.687625959006255,[np.float64(-0.19665271966527198)],[np.float64(-0.38702928870292885)],[1],[0],[0],[0.9899549999972805],[None],04,001,2025-10-01_19h12.35.392,visual search,,2025.1.1,None,2025-10-01 19h12.42.173735 +0530,
8,0,8,[np.float64(-0.1788702928870293)],[np.float64(0.2594142259414226)],[1],[0],[0],[0.860583832996781],['target'],8,0,8,0,8.719615249996423,,10,8.709650499993586,8.719615249996423,8.719615249996423,0.021848749995115213,9.570276541999192,[np.float64(-0.1788702928870293)],[np.float64(0.2594142259414226)],[1],[0],[0],[0.860583832996781],['target'],04,001,2025-10-01_19h12.35.392,visual search,,2025.1.1,None,2025-10-01 19h12.42.173735 +0530,
9,0,9,[np.float64(-0.46338912133891214)],[np.float64(-0.4874476987447699)],[1],[0],[0],[1.095691334005096],[None],9,0,9,0,9.60088050000195,,10,9.590478666999843,9.60088050000195,9.60088050000195,0.020036834001075476,10.68621733400505,[np.float64(-0.46338912133891214)],[np.float64(-0.4874476987447699)],[1],[0],[0],[1.095691334005096],[None],04,001,2025-10-01_19h12.35.392,visual search,,2025.1.1,None,2025-10-01 19h12.42.173735 +0530,
10,0,10,[np.float64(0.25523012552301255)],[np.float64(-0.06799163179916318)],[1],[0],[0],[0.8871347500098636],[None],10,0,10,0,10.70469487500668,,5,10.697097875003237,10.70469487500668,10.70469487500668,0.010709624999435619,11.584293459003675,[np.float64(0.25523012552301255)],[np.float64(-0.06799163179916318)],[1],[0],[0],[0.8871347500098636],[None],04,001,2025-10-01_19h12.35.392,visual search,,2025.1.1,None,2025-10-01 19h12.42.173735 +0530,
11,0,11,[np.float64(-0.14644351464435146)],[np.float64(0.41841004184100417)],[1],[0],[0],[0.9234905829944182],[None],11,0,11,0,11.605138750004699,,5,11.596884375001537,11.605138750004699,11.605138750004699,0.012414374999934807,12.520427124996786,[np.float64(-0.14644351464435146)],[np.float64(0.41841004184100417)],[1],[0],[0],[0.9234905829944182],[None],04,001,2025-10-01_19h12.35.392,visual search,,2025.1.1,None,2025-10-01 19h12.42.173735 +0530,
12,0,12,[np.float64(0.49581589958158995)],[np.float64(0.3776150627615063)],[1],[0],[0],[1.0038876660109963],['target'],12,0,12,0,12.541870500004734,,5,12.533657541993307,12.541870500004734,12.541870500004734,0.013073916008579545,13.537609042003169,[np.float64(0.49581589958158995)],[np.float64(0.3776150627615063)],[1],[0],[0],[1.0038876660109963],['target'],04,001,2025-10-01_19h12.35.392,visual search,,2025.1.1,None,2025-10-01 19h12.42.173735 +0530,
13,0,13,[np.float64(0.16631799163179917)],[np.float64(0.36610878661087864)],[1],[0],[0],[1.0750789579906268],['target'],13,0,13,0,13.571265042002779,,10,13.561137750002672,13.571265042002779,13.571265042002779,0.02335883298655972,14.636250958996243,[np.float64(0.16631799163179917)],[np.float64(0.36610878661087864)],[1],[0],[0],[1.0750789579906268],['target'],04,001,2025-10-01_19h12.35.392,visual search,,2025.1.1,None,2025-10-01 19h12.42.173735 +0530,
14,0,14,[np.float64(-0.3284518828451883)],[np.float64(-0.3389121338912134)],[1],[0],[0],[1.1646023329958552],['target'],14,0,14,0,14.66373279200343,,10,14.654407958994852,14.66373279200343,14.66373279200343,0.018019790994003415,15.819057833999977,[np.float64(-0.3284518828451883)],[np.float64(-0.3389121338912134)],[1],[0],[0],[1.1646023329958552],['target'],04,001,2025-10-01_19h12.35.392,visual search,,2025.1.1,None,2025-10-01 19h12.42.173735 +0530,
15,0,15,[np.float64(-0.40376569037656906)],[np.float64(0.12552301255230125)],[1],[0],[0],[0.7309338330087485],['target'],15,0,15,0,15.847811667001224,,10,15.83730516700598,15.847811667001224,15.847811667001224,0.018082000009599142,16.56828045900329,[np.float64(-0.40376569037656906)],[np.float64(0.12552301255230125)],[1],[0],[0],[0.7309338330087485],['target'],04,001,2025-10-01_19h12.35.392,visual search,,2025.1.1,None,2025-10-01 19h12.42.173735 +0530,
16,0,16,[np.float64(-0.1412133891213389)],[np.float64(-0.2301255230125523)],[1],[0],[0],[0.756668832997093],[None],16,0,16,0,16.586066125004436,,5,16.578802167001413,16.586066125004436,16.586066125004436,0.010346499999286607,17.335531916993205,[np.float64(-0.1412133891213389)],[np.float64(-0.2301255230125523)],[1],[0],[0],[0.756668832997093],[None],04,001,2025-10-01_19h12.35.392,visual search,,2025.1.1,None,2025-10-01 19h12.42.173735 +0530,
17,0,17,[np.float64(-0.2803347280334728)],[np.float64(-0.2907949790794979)],[1],[0],[0],[0.9030318339937367],['target'],17,0,17,0,17.35682916699443,,5,17.348468124997453,17.35682916699443,17.35682916699443,0.012769583001499996,18.251565917002154,[np.float64(-0.2803347280334728)],[np.float64(-0.2907949790794979)],[1],[0],[0],[0.9030318339937367],['target'],04,001,2025-10-01_19h12.35.392,visual search,,2025.1.1,None,2025-10-01 19h12.42.173735 +0530,
18,0,18,[np.float64(-0.04707112970711297)],[np.float64(0.35669456066945604)],[1],[0],[0],[0.7797161250055069],[None],18,0,18,0,18.28320387500571,,10,18.273253874998773,18.28320387500571,18.28320387500571,0.021509917001822032,19.053015458994196,[np.float64(-0.04707112970711297)],[np.float64(0.35669456066945604)],[1],[0],[0],[0.7797161250055069],[None],04,001,2025-10-01_19h12.35.392,visual search,,2025.1.1,None,2025-10-01 19h12.42.173735 +0530,
19,0,19,[np.float64(-0.27824267782426776)],[np.float64(0.03765690376569038)],[1],[0],[0],[1.073176499994588],['target'],19,0,19,0,19.072206583994557,,5,19.064409333994263,19.072206583994557,19.072206583994557,0.011222916000406258,20.13764916699438,[np.float64(-0.27824267782426776)],[np.float64(0.03765690376569038)],[1],[0],[0],[1.073176499994588],['target'],04,001,2025-10-01_19h12.35.392,visual search,,2025.1.1,None,2025-10-01 19h12.42.173735 +0530,
20,0,20,[np.float64(-0.45397489539748953)],[np.float64(0.06799163179916318)],[1],[0],[0],[0.7413297919993056],[None],20,0,20,0,20.169442166996305,,10,20.15928991700639,20.169442166996305,20.169442166996305,0.02147333399625495,20.900663334003184,[np.float64(-0.45397489539748953)],[np.float64(0.06799163179916318)],[1],[0],[0],[0.7413297919993056],[None],04,001,2025-10-01_19h12.35.392,visual search,,2025.1.1,None,2025-10-01 19h12.42.173735 +0530,
21,0,21,[np.float64(0.5094142259414226)],[np.float64(0.2939330543933054)],[1],[0],[0],[1.633199333009543],[None],21,0,21,0,20.929499167003087,,10,20.91975904199353,20.929499167003087,20.929499167003087,0.01892862499516923,22.553007374997833,[np.float64(0.5094142259414226)],[np.float64(0.2939330543933054)],[1],[0],[0],[1.633199333009543],[None],04,001,2025-10-01_19h12.35.392,visual search,,2025.1.1,None,2025-10-01 19h12.42.173735 +0530,
22,0,22,[np.float64(-0.008368200836820083)],[np.float64(-0.20711297071129708)],[1],[0],[0],[1.0241164170001866],[None],22,0,22,0,22.572157749993494,,5,22.56413120900106,22.572157749993494,22.572157749993494,0.010953500008326955,23.588311375002377,[np.float64(-0.008368200836820083)],[np.float64(-0.20711297071129708)],[1],[0],[0],[1.0241164170001866],[None],04,001,2025-10-01_19h12.35.392,visual search,,2025.1.1,None,2025-10-01 19h12.42.173735 +0530,
23,0,23,[np.float64(-0.17573221757322174)],[np.float64(0.14330543933054393)],[1],[0],[0],[0.7356157080066623],[None],23,0,23,0,23.60995345900301,,5,23.60153683400131,23.60995345900301,23.60995345900301,0.013052000009338371,24.3372066669981,[np.float64(-0.17573221757322174)],[np.float64(0.14330543933054393)],[1],[0],[0],[0.7356157080066623],[None],04,001,2025-10-01_19h12.35.392,visual search,,2025.1.1,None,2025-10-01 19h12.42.173735 +0530,
24,0,24,[np.float64(0.3619246861924686)],[np.float64(0.30962343096234307)],[1],[0],[0],[0.8689202500099782],['target'],24,0,24,0,24.35968624999805,,5,24.350937041992438,24.35968624999805,24.35968624999805,0.013570583003456704,25.21991304200492,[np.float64(0.3619246861924686)],[np.float64(0.30962343096234307)],[1],[0],[0],[0.8689202500099782],['target'],04,001,2025-10-01_19h12.35.392,visual search,,2025.1.1,None,2025-10-01 19h12.42.173735 +0530,
25,0,25,[np.float64(-0.45083682008368203)],[np.float64(-0.16108786610878661)],[1],[0],[0],[1.103420333005488],['target'],25,0,25,0,25.240965499993763,,5,25.23260545899393,25.240965499993763,25.240965499993763,0.012529583997093141,26.33608245900541,[np.float64(-0.45083682008368203)],[np.float64(-0.16108786610878661)],[1],[0],[0],[1.103420333005488],['target'],04,001,2025-10-01_19h12.35.392,visual search,,2025.1.1,None,2025-10-01 19h12.42.173735 +0530,
26,0,26,[np.float64(0.4205020920502092)],[np.float64(-0.44037656903765693)],[1],[0],[0],[1.4115034170099534],[None],26,0,26,0,26.368075417005457,,10,26.357737124999403,26.368075417005457,26.368075417005457,0.021488165992195718,27.76931370899547,[np.float64(0.4205020920502092)],[np.float64(-0.44037656903765693)],[1],[0],[0],[1.4115034170099534],[None],04,001,2025-10-01_19h12.35.392,visual search,,2025.1.1,None,2025-10-01 19h12.42.173735 +0530,
27,0,27,[np.float64(0.40585774058577406)],[np.float64(-0.35669456066945604)],[1],[0],[0],[1.3549560419924092],['target'],27,0,27,0,27.787961584006553,,5,27.779982749998453,27.787961584006553,27.787961584006553,0.010455125011503696,29.13500962499529,[np.float64(0.40585774058577406)],[np.float64(-0.35669456066945604)],[1],[0],[0],[1.3549560419924092],['target'],04,001,2025-10-01_19h12.35.392,visual search,,2025.1.1,None,2025-10-01 19h12.42.173735 +0530,
28,0,28,[np.float64(0.3200836820083682)],[np.float64(0.26464435146443516)],[1],[0],[0],[1.0392845830065198],[None],28,0,28,0,29.155693416993017,,5,29.14730895899993,29.155693416993017,29.155693416993017,0.012093833996914327,30.186639167004614,[np.float64(0.3200836820083682)],[np.float64(0.26464435146443516)],[1],[0],[0],[1.0392845830065198],[None],04,001,2025-10-01_19h12.35.392,visual search,,2025.1.1,None,2025-10-01 19h12.42.173735 +0530,
29,0,29,[np.float64(0.25732217573221755)],[np.float64(0.3891213389121339)],[1],[0],[0],[0.654897208994953],[None],29,0,29,0,30.206683249998605,,5,30.198617417001515,30.206683249998605,30.206683249998605,0.011844667009427212,30.85358254199673,[np.float64(0.25732217573221755)],[np.float64(0.3891213389121339)],[1],[0],[0],[0.654897208994953],[None],04,001,2025-10-01_19h12.35.392,visual search,,2025.1.1,None,2025-10-01 19h12.42.173735 +0530,
30,0,30,[np.float64(0.36506276150627615)],[np.float64(0.3378661087866109)],[1],[0],[0],[0.8023873749916675],['target'],30,0,30,0,30.876162874992588,,5,30.86740854200616,30.876162874992588,30.876162874992588,0.01364741699944716,31.669849375000922,[np.float64(0.36506276150627615)],[np.float64(0.3378661087866109)],[1],[0],[0],[0.8023873749916675],['target'],04,001,2025-10-01_19h12.35.392,visual search,,2025.1.1,None,2025-10-01 19h12.42.173735 +0530,
31,0,31,[np.float64(-0.2939330543933054)],[np.float64(0.2939330543933054)],[1],[0],[0],[0.7037086250056745],[None],31,0,31,0,31.691967167003895,,5,31.682447792001767,31.691967167003895,31.691967167003895,0.012432957999408245,32.38622862499324,[np.float64(-0.2939330543933054)],[np.float64(0.2939330543933054)],[1],[0],[0],[0.7037086250056745],[None],04,001,2025-10-01_19h12.35.392,visual search,,2025.1.1,None,2025-10-01 19h12.42.173735 +0530,
32,0,32,[np.float64(0.21443514644351463)],[np.float64(-0.005230125523012552)],[1],[0],[0],[1.2872439580096398],[None],32,0,32,0,32.40759262499341,,5,32.399146958996425,32.40759262499341,32.40759262499341,0.012723874999210238,33.68645554200339,[np.float64(0.21443514644351463)],[np.float64(-0.005230125523012552)],[1],[0],[0],[1.2872439580096398],[None],04,001,2025-10-01_19h12.35.392,visual search,,2025.1.1,None,2025-10-01 19h12.42.173735 +0530,
33,0,33,[np.float64(-0.010460251046025104)],[np.float64(-0.3064853556485356)],[1],[0],[0],[1.6930532499973197],['target'],33,0,33,0,33.71956479200162,,10,33.709192708993214,33.71956479200162,33.71956479200162,0.02256212499924004,35.40229291700234,[np.float64(-0.010460251046025104)],[np.float64(-0.3064853556485356)],[1],[0],[0],[1.6930532499973197],['target'],04,001,2025-10-01_19h12.35.392,visual search,,2025.1.1,None,2025-10-01 19h12.42.173735 +0530,
34,0,34,[np.float64(0.07426778242677824)],[np.float64(-0.09937238493723849)],[1],[0],[0],[0.8315376250102418],[None],34,0,34,0,35.43140908400528,,10,35.421064084002865,35.43140908400528,35.43140908400528,0.01859195900033228,36.25264645900461,[np.float64(0.07426778242677824)],[np.float64(-0.09937238493723849)],[1],[0],[0],[0.8315376250102418],[None],04,001,2025-10-01_19h12.35.392,visual search,,2025.1.1,None,2025-10-01 19h12.42.173735 +0530,
35,0,35,[np.float64(-0.3692468619246862)],[np.float64(-0.4424686192468619)],[1],[0],[0],[0.8742167500022333],[None],35,0,35,0,36.27235595899401,,5,36.264095209000516,36.27235595899401,36.27235595899401,0.01128679201065097,37.138379084004555,[np.float64(-0.3692468619246862)],[np.float64(-0.4424686192468619)],[1],[0],[0],[0.8742167500022333],[None],04,001,2025-10-01_19h12.35.392,visual search,,2025.1.1,None,2025-10-01 19h12.42.173735 +0530,
36,0,36,[np.float64(0.4445606694560669)],[np.float64(0.15690376569037656)],[1],[0],[0],[1.075376042004791],[None],36,0,36,0,37.170604416998685,,10,37.159987916995306,37.170604416998685,37.170604416998685,0.0213972079945961,38.23544208399835,[np.float64(0.4445606694560669)],[np.float64(0.15690376569037656)],[1],[0],[0],[1.075376042004791],[None],04,001,2025-10-01_19h12.35.392,visual search,,2025.1.1,None,2025-10-01 19h12.42.173735 +0530,
37,0,37,[np.float64(0.29497907949790797)],[np.float64(-0.24372384937238495)],[1],[0],[0],[1.4074853749916656],['target'],37,0,37,0,38.254866375005804,,5,38.24741195900424,38.254866375005804,38.254866375005804,0.01178433300810866,39.65496025000175,[np.float64(0.29497907949790797)],[np.float64(-0.24372384937238495)],[1],[0],[0],[1.4074853749916656],['target'],04,001,2025-10-01_19h12.35.392,visual search,,2025.1.1,None,2025-10-01 19h12.42.173735 +0530,
38,0,38,[np.float64(0.34414225941422594)],[np.float64(0.06380753138075314)],[1],[0],[0],[1.7262596669897903],[None],38,0,38,0,39.68829504199675,,10,39.67747650000092,39.68829504199675,39.68829504199675,0.02233054200769402,41.403779750005924,[np.float64(0.34414225941422594)],[np.float64(0.06380753138075314)],[1],[0],[0],[1.7262596669897903],[None],04,001,2025-10-01_19h12.35.392,visual search,,2025.1.1,None,2025-10-01 19h12.42.173735 +0530,
39,0,39,[np.float64(0.4602510460251046)],[np.float64(-0.09100418410041841)],[1],[0],[0],[0.7962165420030942],[None],39,0,39,0,41.43374475000019,,10,41.42318475000502,41.43374475000019,41.43374475000019,0.019237875007092953,42.21944420899672,[np.float64(0.4602510460251046)],[np.float64(-0.09100418410041841)],[1],[0],[0],[0.7962165420030942],[None],04,001,2025-10-01_19h12.35.392,visual search,,2025.1.1,None,2025-10-01 19h12.42.173735 +0530,
40,0,40,[np.float64(-0.23640167364016737)],[np.float64(-0.3158995815899582)],[1],[0],[0],[1.3069499579869444],['target'],40,0,40,0,42.23874837500625,,5,42.23055670899339,42.23874837500625,42.23874837500625,0.010947957998723723,43.53757020899502,[np.float64(-0.23640167364016737)],[np.float64(-0.3158995815899582)],[1],[0],[0],[1.3069499579869444],['target'],04,001,2025-10-01_19h12.35.392,visual search,,2025.1.1,None,2025-10-01 19h12.42.173735 +0530,
41,0,41,[np.float64(0.3891213389121339)],[np.float64(0.24581589958158995)],[1],[0],[0],[0.9928934999916237],[None],41,0,41,0,43.571316667002975,,10,43.560140417001094,43.571316667002975,43.571316667002975,0.022394250001525506,44.55306308399304,[np.float64(0.3891213389121339)],[np.float64(0.24581589958158995)],[1],[0],[0],[0.9928934999916237],[None],04,001,2025-10-01_19h12.35.392,visual search,,2025.1.1,None,2025-10-01 19h12.42.173735 +0530,
42,0,42,[np.float64(-0.012552301255230125)],[np.float64(0.014644351464435146)],[1],[0],[0],[1.6818869589915266],[None],42,0,42,0,44.581720542002586,,10,44.57132649999403,44.581720542002586,44.581720542002586,0.018115833998308517,46.25324795900087,[np.float64(-0.012552301255230125)],[np.float64(0.014644351464435146)],[1],[0],[0],[1.6818869589915266],[None],04,001,2025-10-01_19h12.35.392,visual search,,2025.1.1,None,2025-10-01 19h12.42.173735 +0530,
43,0,43,[np.float64(-0.26359832635983266)],[np.float64(-0.3106694560669456)],[1],[0],[0],[1.2398854170023696],['target'],43,0,43,0,46.27167591699981,,5,46.26368433400057,46.27167591699981,46.27167591699981,0.010293791987351142,47.50362600000517,[np.float64(-0.26359832635983266)],[np.float64(-0.3106694560669456)],[1],[0],[0],[1.2398854170023696],['target'],04,001,2025-10-01_19h12.35.392,visual search,,2025.1.1,None,2025-10-01 19h12.42.173735 +0530,
44,0,44,[np.float64(0.4225941422594142)],[np.float64(-0.3786610878661088)],[1],[0],[0],[1.051427541009616],[None],44,0,44,0,47.524248166999314,,5,47.5156859169947,47.524248166999314,47.524248166999314,0.011892374997842126,48.56716341699939,[np.float64(0.4225941422594142)],[np.float64(-0.3786610878661088)],[1],[0],[0],[1.051427541009616],[None],04,001,2025-10-01_19h12.35.392,visual search,,2025.1.1,None,2025-10-01 19h12.42.173735 +0530,
45,0,45,[np.float64(-0.4194560669456067)],[np.float64(-0.446652719665272)],[1],[0],[0],[1.5220563339971704],['target'],45,0,45,0,48.58833445899654,,5,48.58046770900546,48.58833445899654,48.58833445899654,0.013215582992415875,50.10260416699748,[np.float64(-0.4194560669456067)],[np.float64(-0.446652719665272)],[1],[0],[0],[1.5220563339971704],['target'],04,001,2025-10-01_19h12.35.392,visual search,,2025.1.1,None,2025-10-01 19h12.42.173735 +0530,
46,0,46,[np.float64(-0.46338912133891214)],[np.float64(0.3619246861924686)],[1],[0],[0],[1.3534658339922316],[None],46,0,46,0,50.12527708399284,,5,50.11598379199859,50.12527708399284,50.12527708399284,0.013204332994064316,51.46953712499817,[np.float64(-0.46338912133891214)],[np.float64(0.3619246861924686)],[1],[0],[0],[1.3534658339922316],[None],04,001,2025-10-01_19h12.35.392,visual search,,2025.1.1,None,2025-10-01 19h12.42.173735 +0530,
47,0,47,[np.float64(-0.448744769874477)],[np.float64(-0.12133891213389121)],[1],[0],[0],[1.0385633749974659],[None],47,0,47,0,51.48995154199656,,5,51.481569875002606,51.48995154199656,51.48995154199656,0.011787084004026838,52.52019174999441,[np.float64(-0.448744769874477)],[np.float64(-0.12133891213389121)],[1],[0],[0],[1.0385633749974659],[None],04,001,2025-10-01_19h12.35.392,visual search,,2025.1.1,None,2025-10-01 19h12.42.173735 +0530,
48,0,48,[np.float64(-0.11401673640167365)],[np.float64(0.17364016736401675)],[1],[0],[0],[0.8873913749994244],[None],48,0,48,0,52.541063666998525,,5,52.532393250003224,52.541063666998525,52.541063666998525,0.01203166700724978,53.419846333999885,[np.float64(-0.11401673640167365)],[np.float64(0.17364016736401675)],[1],[0],[0],[0.8873913749994244],[None],04,001,2025-10-01_19h12.35.392,visual search,,2025.1.1,None,2025-10-01 19h12.42.173735 +0530,
49,0,49,[np.float64(0.3284518828451883)],[np.float64(0.3389121338912134)],[1],[0],[0],[1.4366906250070315],['target'],49,0,49,0,53.44075516700104,,5,53.432038416998694,53.44075516700104,53.44075516700104,0.012019999994663522,54.868788874999154,[np.float64(0.3284518828451883)],[np.float64(0.3389121338912134)],[1],[0],[0],[1.4366906250070315],['target'],04,001,2025-10-01_19h12.35.392,visual search,,2025.1.1,None,2025-10-01 19h12.42.173735 +0530,
50,0,50,[np.float64(-0.034518828451882845)],[np.float64(-0.2834728033472803)],[1],[0],[0],[1.038376625001547],[None],50,0,50,0,54.89010820900148,,5,54.88157608399342,54.89010820900148,54.89010820900148,0.01261279100435786,55.92000504200405,[np.float64(-0.034518828451882845)],[np.float64(-0.2834728033472803)],[1],[0],[0],[1.038376625001547],[None],04,001,2025-10-01_19h12.35.392,visual search,,2025.1.1,None,2025-10-01 19h12.42.173735 +0530,
51,0,51,[np.float64(0.2928870292887029)],[np.float64(-0.4811715481171548)],[1],[0],[0],[1.040003041998716],[None],51,0,51,0,55.940256583999144,,5,55.931769125003484,55.940256583999144,55.940256583999144,0.011611333000473678,56.97183654199762,[np.float64(0.2928870292887029)],[np.float64(-0.4811715481171548)],[1],[0],[0],[1.040003041998716],[None],04,001,2025-10-01_19h12.35.392,visual search,,2025.1.1,None,2025-10-01 19h12.42.173735 +0530,
52,0,52,[np.float64(-0.09623430962343096)],[np.float64(-0.40376569037656906)],[1],[0],[0],[0.9760876249929424],[None],52,0,52,0,57.005300125005306,,10,56.9942104590009,57.005300125005306,57.005300125005306,0.022202583000762388,57.970331499993335,[np.float64(-0.09623430962343096)],[np.float64(-0.40376569037656906)],[1],[0],[0],[0.9760876249929424],[None],04,001,2025-10-01_19h12.35.392,visual search,,2025.1.1,None,2025-10-01 19h12.42.173735 +0530,
53,0,53,[np.float64(-0.3776150627615063)],[np.float64(-0.10146443514644352)],[1],[0],[0],[0.8884799999941606],['target'],53,0,53,0,57.98913320900465,,5,57.981409917003475,57.98913320900465,57.98913320900465,0.01091591699514538,58.86994912500086,[np.float64(-0.3776150627615063)],[np.float64(-0.10146443514644352)],[1],[0],[0],[0.8884799999941606],['target'],04,001,2025-10-01_19h12.35.392,visual search,,2025.1.1,None,2025-10-01 19h12.42.173735 +0530,
54,0,54,[np.float64(0.2175732217573222)],[np.float64(0.42573221757322177)],[1],[0],[0],[1.336929874989437],['target'],54,0,54,0,58.890528250005445,,5,58.88251258399396,58.890528250005445,58.890528250005445,0.012400332998367958,60.21949854200648,[np.float64(0.2175732217573222)],[np.float64(0.42573221757322177)],[1],[0],[0],[1.336929874989437],['target'],04,001,2025-10-01_19h12.35.392,visual search,,2025.1.1,None,2025-10-01 19h12.42.173735 +0530,
55,0,55,[np.float64(0.4780334728033473)],[np.float64(0.23430962343096234)],[1],[0],[0],[1.2704873340117047],['target'],55,0,55,0,60.24128945899429,,5,60.23263108399988,60.24128945899429,60.24128945899429,0.012968750001164153,61.503175000005285,[np.float64(0.4780334728033473)],[np.float64(0.23430962343096234)],[1],[0],[0],[1.2704873340117047],['target'],04,001,2025-10-01_19h12.35.392,visual search,,2025.1.1,None,2025-10-01 19h12.42.173735 +0530,
56,0,56,[np.float64(0.2102510460251046)],[np.float64(0.2395397489539749)],[1],[0],[0],[0.9544276669912506],[None],56,0,56,0,61.524704334005946,,5,61.51606087500113,61.524704334005946,61.524704334005946,0.012726375003694557,62.470541417002096,[np.float64(0.2102510460251046)],[np.float64(0.2395397489539749)],[1],[0],[0],[0.9544276669912506],[None],04,001,2025-10-01_19h12.35.392,visual search,,2025.1.1,None,2025-10-01 19h12.42.173735 +0530,
57,0,57,[np.float64(-0.39748953974895396)],[np.float64(-0.11192468619246862)],[1],[0],[0],[1.1211977080092765],[None],57,0,57,0,62.49110437500349,,5,62.48253837499942,62.49110437500349,62.49110437500349,0.011837792000733316,63.60379908399773,[np.float64(-0.39748953974895396)],[np.float64(-0.11192468619246862)],[1],[0],[0],[1.1211977080092765],[None],04,001,2025-10-01_19h12.35.392,visual search,,2025.1.1,None,2025-10-01 19h12.42.173735 +0530,
58,0,58,[np.float64(-0.4382845188284519)],[np.float64(-0.034518828451882845)],[1],[0],[0],[0.6702740000037011],['target'],58,0,58,0,63.62484770899755,,5,63.61667583399685,63.62484770899755,63.62484770899755,0.012709541988442652,64.28700641699834,[np.float64(-0.4382845188284519)],[np.float64(-0.034518828451882845)],[1],[0],[0],[0.6702740000037011],['target'],04,001,2025-10-01_19h12.35.392,visual search,,2025.1.1,None,2025-10-01 19h12.42.173735 +0530,
59,0,59,[np.float64(-0.11610878661087866)],[np.float64(0.45397489539748953)],[1],[0],[0],[0.8394090829970082],[None],59,0,59,0,64.30765708400577,,5,64.29898725000385,64.30765708400577,64.30765708400577,0.011820375002571382,65.13847791700391,[np.float64(-0.11610878661087866)],[np.float64(0.45397489539748953)],[1],[0],[0],[0.8394090829970082],[None],04,001,2025-10-01_19h12.35.392,visual search,,2025.1.1,None,2025-10-01 19h12.42.173735 +0530,
60,0,60,[np.float64(-0.33577405857740583)],[np.float64(0.0198744769874477)],[1],[0],[0],[0.9187995000102092],['target'],60,0,60,0,65.1603787089989,,5,65.15137750000576,65.1603787089989,65.1603787089989,0.012724582993541844,66.07023387499794,[np.float64(-0.33577405857740583)],[np.float64(0.0198744769874477)],[1],[0],[0],[0.9187995000102092],['target'],04,001,2025-10-01_19h12.35.392,visual search,,2025.1.1,None,2025-10-01 19h12.42.173735 +0530,
61,0,61,[np.float64(-0.13389121338912133)],[np.float64(-0.4236401673640167)],[1],[0],[0],[1.5286125839920714],['target'],61,0,61,0,66.1024242919957,,10,66.09133004199248,66.1024242919957,66.1024242919957,0.020930625003529713,67.61998916699667,[np.float64(-0.13389121338912133)],[np.float64(-0.4236401673640167)],[1],[0],[0],[1.5286125839920714],['target'],04,001,2025-10-01_19h12.35.392,visual search,,2025.1.1,None,2025-10-01 19h12.42.173735 +0530,
62,0,62,[np.float64(-0.4393305439330544)],[np.float64(0.26359832635983266)],[1],[0],[0],[1.0054262909980025],['target'],62,0,62,0,67.63843616700615,,5,67.63032883399865,67.63843616700615,67.63843616700615,0.01016620799782686,68.63582024999778,[np.float64(-0.4393305439330544)],[np.float64(0.26359832635983266)],[1],[0],[0],[1.0054262909980025],['target'],04,001,2025-10-01_19h12.35.392,visual search,,2025.1.1,None,2025-10-01 19h12.42.173735 +0530,
63,0,63,[np.float64(-0.28765690376569036)],[np.float64(0.21234309623430964)],[1],[0],[0],[0.6056179580045864],[None],63,0,63,0,68.65632795900456,,5,68.64803758400376,68.65632795900456,68.65632795900456,0.012035875013680197,69.25371424999321,[np.float64(-0.28765690376569036)],[np.float64(0.21234309623430964)],[1],[0],[0],[0.6056179580045864],[None],04,001,2025-10-01_19h12.35.392,visual search,,2025.1.1,None,2025-10-01 19h12.42.173735 +0530,
64,0,64,[np.float64(0.10251046025104603)],[np.float64(0.049163179916317995)],[1],[0],[0],[0.7938027920026798],['target'],64,0,64,0,69.28622454199649,,10,69.27547662500001,69.28622454199649,69.28622454199649,0.021598125007585622,70.06931520899525,[np.float64(0.10251046025104603)],[np.float64(0.049163179916317995)],[1],[0],[0],[0.7938027920026798],['target'],04,001,2025-10-01_19h12.35.392,visual search,,2025.1.1,None,2025-10-01 19h12.42.173735 +0530,
65,0,65,[np.float64(-0.4205020920502092)],[np.float64(-0.3190376569037657)],[1],[0],[0],[1.0743664580077166],['target'],65,0,65,0,70.08716170900152,,5,70.07936187500309,70.08716170900152,70.08716170900152,0.009897332987748086,71.15379366700654,[np.float64(-0.4205020920502092)],[np.float64(-0.3190376569037657)],[1],[0],[0],[1.0743664580077166],['target'],04,001,2025-10-01_19h12.35.392,visual search,,2025.1.1,None,2025-10-01 19h12.42.173735 +0530,
66,0,66,[np.float64(-0.09728033472803348)],[np.float64(-0.17782426778242677)],[1],[0],[0],[0.8023989170033019],[None],66,0,66,0,71.17536387499422,,5,71.16667462499754,71.17536387499422,71.17536387499422,0.012692083008005284,71.96912183400127,[np.float64(-0.09728033472803348)],[np.float64(-0.17782426778242677)],[1],[0],[0],[0.8023989170033019],[None],04,001,2025-10-01_19h12.35.392,visual search,,2025.1.1,None,2025-10-01 19h12.42.173735 +0530,
67,0,67,[np.float64(0.4476987447698745)],[np.float64(-0.401673640167364)],[1],[0],[0],[1.2143700000015087],['target'],67,0,67,0,71.99957279200316,,10,71.9888615420059,71.99957279200316,71.99957279200316,0.019588249997468665,73.2032762089948,[np.float64(0.4476987447698745)],[np.float64(-0.401673640167364)],[1],[0],[0],[1.2143700000015087],['target'],04,001,2025-10-01_19h12.35.392,visual search,,2025.1.1,None,2025-10-01 19h12.42.173735 +0530,
68,0,68,[np.float64(-0.11506276150627615)],[np.float64(-0.4309623430962343)],[1],[0],[0],[1.1731449159997283],['target'],68,0,68,0,73.22131066699512,,5,73.21335416700458,73.22131066699512,73.22131066699512,0.009916750001139008,74.38677462500345,[np.float64(-0.11506276150627615)],[np.float64(-0.4309623430962343)],[1],[0],[0],[1.1731449159997283],['target'],04,001,2025-10-01_19h12.35.392,visual search,,2025.1.1,None,2025-10-01 19h12.42.173735 +0530,
69,0,69,[np.float64(-0.15376569037656904)],[np.float64(-0.16631799163179917)],[1],[0],[0],[0.7096062909986358],['target'],69,0,69,0,74.46504145899962,,10,74.44339412500267,74.46504145899962,74.46504145899962,0.05607683400739916,75.15298724999593,[np.float64(-0.15376569037656904)],[np.float64(-0.16631799163179917)],[1],[0],[0],[0.7096062909986358],['target'],04,001,2025-10-01_19h12.35.392,visual search,,2025.1.1,None,2025-10-01 19h12.42.173735 +0530,
70,0,70,[np.float64(-0.4100418410041841)],[np.float64(0.17677824267782427)],[1],[0],[0],[1.76414054199995],['target'],70,0,70,0,75.18268408399308,,10,75.17230474999815,75.18268408399308,75.18268408399308,0.019165833000442944,76.93648933399527,[np.float64(-0.4100418410041841)],[np.float64(0.17677824267782427)],[1],[0],[0],[1.76414054199995],['target'],04,001,2025-10-01_19h12.35.392,visual search,,2025.1.1,None,2025-10-01 19h12.42.173735 +0530,
71,0,71,[np.float64(-0.13493723849372385)],[np.float64(-0.23430962343096234)],[1],[0],[0],[0.8819234169932315],['target'],71,0,71,0,76.96443770900078,,10,76.95437995900284,76.96443770900078,76.96443770900078,0.01772599999094382,77.83634749999328,[np.float64(-0.13493723849372385)],[np.float64(-0.23430962343096234)],[1],[0],[0],[0.8819234169932315],['target'],04,001,2025-10-01_19h12.35.392,visual search,,2025.1.1,None,2025-10-01 19h12.42.173735 +0530,
72,0,72,[np.float64(0.42677824267782427)],[np.float64(0.3253138075313807)],[1],[0],[0],[0.7906370420096209],[None],72,0,72,0,77.85453687500558,,5,77.84676587500144,77.85453687500558,77.85453687500558,0.01025537500390783,78.63746133400127,[np.float64(0.42677824267782427)],[np.float64(0.3253138075313807)],[1],[0],[0],[0.7906370420096209],[None],04,001,2025-10-01_19h12.35.392,visual search,,2025.1.1,None,2025-10-01 19h12.42.173735 +0530,
73,0,73,[np.float64(0.5031380753138075)],[np.float64(-0.32112970711297073)],[1],[0],[0],[0.7946560419950401],[None],73,0,73,0,78.66877579200082,,10,78.65849954199803,78.66877579200082,78.66877579200082,0.020874499998171814,79.4531879999995,[np.float64(0.5031380753138075)],[np.float64(-0.32112970711297073)],[1],[0],[0],[0.7946560419950401],[None],04,001,2025-10-01_19h12.35.392,visual search,,2025.1.1,None,2025-10-01 19h12.42.173735 +0530,
74,0,74,[np.float64(0.17677824267782427)],[np.float64(-0.08577405857740586)],[1],[0],[0],[0.6992582499951823],[None],74,0,74,0,79.48081062499841,,10,79.47119845899579,79.48081062499841,79.48081062499841,0.01787649998732377,80.1704887090018,[np.float64(0.17677824267782427)],[np.float64(-0.08577405857740586)],[1],[0],[0],[0.6992582499951823],[None],04,001,2025-10-01_19h12.35.392,visual search,,2025.1.1,None,2025-10-01 19h12.42.173735 +0530,
75,0,75,[np.float64(0.45292887029288703)],[np.float64(-0.5)],[1],[0],[0],[0.96504120901227],[None],75,0,75,0,80.19784191700455,,10,80.18790508399252,80.19784191700455,80.19784191700455,0.01728370800265111,81.15299470900209,[np.float64(0.45292887029288703)],[np.float64(-0.5)],[1],[0],[0],[0.96504120901227],[None],04,001,2025-10-01_19h12.35.392,visual search,,2025.1.1,None,2025-10-01 19h12.42.173735 +0530,
76,0,76,[np.float64(-0.4100418410041841)],[np.float64(-0.3138075313807531)],[1],[0],[0],[0.9485558330052299],[None],76,0,76,0,81.18218099999649,,10,81.17140187500627,81.18218099999649,81.18218099999649,0.01824004099762533,82.11999158399703,[np.float64(-0.4100418410041841)],[np.float64(-0.3138075313807531)],[1],[0],[0],[0.9485558330052299],[None],04,001,2025-10-01_19h12.35.392,visual search,,2025.1.1,None,2025-10-01 19h12.42.173735 +0530,
77,0,77,[np.float64(-0.16108786610878661)],[np.float64(0.23326359832635984)],[1],[0],[0],[1.3116008340002736],[None],77,0,77,0,82.30490050000662,,10,82.29165041699889,82.30490050000662,82.30490050000662,0.17153399999369867,83.60327900000266,[np.float64(-0.16108786610878661)],[np.float64(0.23326359832635984)],[1],[0],[0],[1.3116008340002736],[None],04,001,2025-10-01_19h12.35.392,visual search,,2025.1.1,None,2025-10-01 19h12.42.173735 +0530,
78,0,78,[np.float64(-0.17468619246861924)],[np.float64(-0.1799163179916318)],[1],[0],[0],[0.8162010410014773],['target'],78,0,78,0,83.63201324999682,,10,83.62096479200409,83.63201324999682,83.63201324999682,0.017546082992339507,84.437210959004,[np.float64(-0.17468619246861924)],[np.float64(-0.1799163179916318)],[1],[0],[0],[0.8162010410014773],['target'],04,001,2025-10-01_19h12.35.392,visual search,,2025.1.1,None,2025-10-01 19h12.42.173735 +0530,
79,0,79,[np.float64(0.27405857740585776)],[np.float64(-0.3713389121338912)],[1],[0],[0],[1.5396471670101164],[None],79,0,79,0,84.45679912499327,,5,84.44787800000631,84.45679912499327,84.45679912499327,0.010542749994783662,85.98760125000263,[np.float64(0.27405857740585776)],[np.float64(-0.3713389121338912)],[1],[0],[0],[1.5396471670101164],[None],04,001,2025-10-01_19h12.35.392,visual search,,2025.1.1,None,2025-10-01 19h12.42.173735 +0530,
80,0,80,[np.float64(0.17154811715481172)],[np.float64(0.07845188284518828)],[1],[0],[0],[0.7863581249985145],[None],80,0,80,0,86.00825579199591,,5,85.99960291699972,86.00825579199591,86.00825579199591,0.011800958003732376,86.78600554200239,[np.float64(0.17154811715481172)],[np.float64(0.07845188284518828)],[1],[0],[0],[0.7863581249985145],[None],04,001,2025-10-01_19h12.35.392,visual search,,2025.1.1,None,2025-10-01 19h12.42.173735 +0530,
81,0,81,[np.float64(-0.4131799163179916)],[np.float64(-0.1087866108786611)],[1],[0],[0],[0.8383035419974476],['target'],81,0,81,0,86.80537566699786,,5,86.79722066699469,86.80537566699786,86.80537566699786,0.011076249997131526,87.63558170899341,[np.float64(-0.4131799163179916)],[np.float64(-0.1087866108786611)],[1],[0],[0],[0.8383035419974476],['target'],04,001,2025-10-01_19h12.35.392,visual search,,2025.1.1,None,2025-10-01 19h12.42.173735 +0530,
82,0,82,[np.float64(-0.1997907949790795)],[np.float64(0.3619246861924686)],[1],[0],[0],[1.2058989590004785],[None],82,0,82,0,87.65577774999838,,5,87.64738220900472,87.65577774999838,87.65577774999838,0.011651499997242354,88.85334237500501,[np.float64(-0.1997907949790795)],[np.float64(0.3619246861924686)],[1],[0],[0],[1.2058989590004785],[None],04,001,2025-10-01_19h12.35.392,visual search,,2025.1.1,None,2025-10-01 19h12.42.173735 +0530,
83,0,83,[np.float64(0.4225941422594142)],[np.float64(0.49686192468619245)],[1],[0],[0],[1.2529400829953374],['target'],83,0,83,0,88.88511262499378,,10,88.87402474999544,88.88511262499378,88.88511262499378,0.02051562500128057,90.12699645900284,[np.float64(0.4225941422594142)],[np.float64(0.49686192468619245)],[1],[0],[0],[1.2529400829953374],['target'],04,001,2025-10-01_19h12.35.392,visual search,,2025.1.1,None,2025-10-01 19h12.42.173735 +0530,
84,0,84,[np.float64(-0.5188284518828452)],[np.float64(-0.20711297071129708)],[1],[0],[0],[1.0665027079958236],[None],84,0,84,0,90.1453261669958,,5,90.13638033400639,90.1453261669958,90.1453261669958,0.009255458004190587,91.20293195899285,[np.float64(-0.5188284518828452)],[np.float64(-0.20711297071129708)],[1],[0],[0],[1.0665027079958236],[None],04,001,2025-10-01_19h12.35.392,visual search,,2025.1.1,None,2025-10-01 19h12.42.173735 +0530,
85,0,85,[np.float64(-0.1307531380753138)],[np.float64(-0.36297071129707115)],[1],[0],[0],[1.2632800419960404],[None],85,0,85,0,91.23547687499376,,10,91.22356370900525,91.23547687499376,91.23547687499376,0.020527167012915015,92.48687449999852,[np.float64(-0.1307531380753138)],[np.float64(-0.36297071129707115)],[1],[0],[0],[1.2632800419960404],[None],04,001,2025-10-01_19h12.35.392,visual search,,2025.1.1,None,2025-10-01 19h12.42.173735 +0530,
86,0,86,[np.float64(-0.24267782426778242)],[np.float64(-0.4341004184100418)],[1],[0],[0],[1.09820370801026],[None],86,0,86,0,92.51571999999578,,10,92.50485920900246,92.51571999999578,92.51571999999578,0.01784600000246428,93.60309899999993,[np.float64(-0.24267782426778242)],[np.float64(-0.4341004184100418)],[1],[0],[0],[1.09820370801026],[None],04,001,2025-10-01_19h12.35.392,visual search,,2025.1.1,None,2025-10-01 19h12.42.173735 +0530,
87,0,87,[np.float64(-0.3148535564853556)],[np.float64(-0.16631799163179917)],[1],[0],[0],[2.4991184170066845],['target'],87,0,87,0,93.63156895899738,,10,93.62101108400384,93.63156895899738,93.63156895899738,0.017775999993318692,96.1201664590044,[np.float64(-0.3148535564853556)],[np.float64(-0.16631799163179917)],[1],[0],[0],[2.4991184170066845],['target'],04,001,2025-10-01_19h12.35.392,visual search,,2025.1.1,None,2025-10-01 19h12.42.173735 +0530,
88,0,88,[np.float64(0.2897489539748954)],[np.float64(0.47489539748953974)],[1],[0],[0],[1.0946999159932602],['target'],88,0,88,0,96.1383682500018,,5,96.13020758400671,96.1383682500018,96.1383682500018,0.009897333002300002,97.22495699999854,[np.float64(0.2897489539748954)],[np.float64(0.47489539748953974)],[1],[0],[0],[1.0946999159932602],['target'],04,001,2025-10-01_19h12.35.392,visual search,,2025.1.1,None,2025-10-01 19h12.42.173735 +0530,
89,0,89,[np.float64(-0.4027196652719665)],[np.float64(0.16317991631799164)],[1],[0],[0],[1.2095425419975072],['target'],89,0,89,0,97.25442129200383,,10,97.244166125005,97.25442129200383,97.25442129200383,0.019073707997449674,98.4537513749965,[np.float64(-0.4027196652719665)],[np.float64(0.16317991631799164)],[1],[0],[0],[1.2095425419975072],['target'],04,001,2025-10-01_19h12.35.392,visual search,,2025.1.1,None,2025-10-01 19h12.42.173735 +0530,
90,0,90,[np.float64(-0.02092050209205021)],[np.float64(-0.1997907949790795)],[1],[0],[0],[1.006028250005329],['target'],90,0,90,0,98.47225295899261,,5,98.46422654199705,98.47225295899261,98.47225295899261,0.01031370900454931,99.4703209589934,[np.float64(-0.02092050209205021)],[np.float64(-0.1997907949790795)],[1],[0],[0],[1.006028250005329],['target'],04,001,2025-10-01_19h12.35.392,visual search,,2025.1.1,None,2025-10-01 19h12.42.173735 +0530,
91,0,91,[np.float64(0.33263598326359833)],[np.float64(-0.26359832635983266)],[1],[0],[0],[1.004498332986259],['target'],91,0,91,0,99.49138754200249,,5,99.48274595900148,99.49138754200249,99.49138754200249,0.012251958003616892,100.48729829200602,[np.float64(0.33263598326359833)],[np.float64(-0.26359832635983266)],[1],[0],[0],[1.004498332986259],['target'],04,001,2025-10-01_19h12.35.392,visual search,,2025.1.1,None,2025-10-01 19h12.42.173735 +0530,
92,0,92,[np.float64(-0.12866108786610878)],[np.float64(-0.058577405857740586)],[1],[0],[0],[0.6542394580028486],['target'],92,0,92,0,100.50854016699304,,5,100.49995100000524,100.50854016699304,100.50854016699304,0.012495083996327594,101.15424674999667,[np.float64(-0.12866108786610878)],[np.float64(-0.058577405857740586)],[1],[0],[0],[0.6542394580028486],['target'],04,001,2025-10-01_19h12.35.392,visual search,,2025.1.1,None,2025-10-01 19h12.42.173735 +0530,
93,0,93,[np.float64(-0.49581589958158995)],[np.float64(-0.49581589958158995)],[1],[0],[0],[0.8678375000017695],[None],93,0,93,0,101.17627512500621,,5,101.16777112499403,101.17627512500621,101.17627512500621,0.013365457998588681,102.03566516700084,[np.float64(-0.49581589958158995)],[np.float64(-0.49581589958158995)],[1],[0],[0],[0.8678375000017695],[None],04,001,2025-10-01_19h12.35.392,visual search,,2025.1.1,None,2025-10-01 19h12.42.173735 +0530,
94,0,94,[np.float64(-0.3901673640167364)],[np.float64(0.16736401673640167)],[1],[0],[0],[0.907756166998297],[None],94,0,94,0,102.0544174999959,,5,102.04645045900543,102.0544174999959,102.0544174999959,0.01062491700577084,102.95427645900054,[np.float64(-0.3901673640167364)],[np.float64(0.16736401673640167)],[1],[0],[0],[0.907756166998297],[None],04,001,2025-10-01_19h12.35.392,visual search,,2025.1.1,None,2025-10-01 19h12.42.173735 +0530,
95,0,95,[np.float64(0.0)],[np.float64(0.08368200836820083)],[1],[0],[0],[0.9038621669897111],['target'],95,0,95,0,102.97394833399449,,5,102.9660412499943,102.97394833399449,102.97394833399449,0.011598458993830718,103.86996075000206,[np.float64(0.0)],[np.float64(0.08368200836820083)],[1],[0],[0],[0.9038621669897111],['target'],04,001,2025-10-01_19h12.35.392,visual search,,2025.1.1,None,2025-10-01 19h12.42.173735 +0530,
96,0,96,[np.float64(-0.19142259414225943)],[np.float64(0.34623430962343094)],[1],[0],[0],[0.7538839999906486],['target'],96,0,96,0,103.89027800000622,,5,103.88186433400551,103.89027800000622,103.89027800000622,0.011738916000467725,104.63580145899323,[np.float64(-0.19142259414225943)],[np.float64(0.34623430962343094)],[1],[0],[0],[0.7538839999906486],['target'],04,001,2025-10-01_19h12.35.392,visual search,,2025.1.1,None,2025-10-01 19h12.42.173735 +0530,
97,0,97,[np.float64(0.17154811715481172)],[np.float64(0.20606694560669456)],[1],[0],[0],[0.7309990000067046],[None],97,0,97,0,104.66628770899842,,10,104.65558620900265,104.66628770899842,104.66628770899842,0.01963054201041814,105.38662783399923,[np.float64(0.17154811715481172)],[np.float64(0.20606694560669456)],[1],[0],[0],[0.7309990000067046],[None],04,001,2025-10-01_19h12.35.392,visual search,,2025.1.1,None,2025-10-01 19h12.42.173735 +0530,
98,0,98,[np.float64(-0.23744769874476987)],[np.float64(0.08891213389121339)],[1],[0],[0],[0.9885608330077957],[None],98,0,98,0,105.40513087500585,,5,105.3975552089978,105.40513087500585,105.40513087500585,0.010771166998893023,106.38616158399964,[np.float64(-0.23744769874476987)],[np.float64(0.08891213389121339)],[1],[0],[0],[0.9885608330077957],[None],04,001,2025-10-01_19h12.35.392,visual search,,2025.1.1,None,2025-10-01 19h12.42.173735 +0530,
99,0,99,[np.float64(-0.0596234309623431)],[np.float64(-0.42573221757322177)],[1],[0],[0],[0.9050175000011222],[None],99,0,99,0,106.40453170900582,,5,106.39681508399372,106.40453170900582,106.40453170900582,0.01052374999562744,107.30188362499757,[np.float64(-0.0596234309623431)],[np.float64(-0.42573221757322177)],[1],[0],[0],[0.9050175000011222],[None],04,001,2025-10-01_19h12.35.392,visual search,,2025.1.1,None,2025-10-01 19h12.42.173735 +0530,
100,0,100,[np.float64(0.0010460251046025104)],[np.float64(0.3682008368200837)],[1],[0],[0],[1.0565407910034992],['target'],100,0,100,0,107.32045395899331,,5,107.31290950000403,107.32045395899331,107.32045395899331,0.01088345900643617,108.36951441700512,[np.float64(0.0010460251046025104)],[np.float64(0.3682008368200837)],[1],[0],[0],[1.0565407910034992],['target'],04,001,2025-10-01_19h12.35.392,visual search,,2025.1.1,None,2025-10-01 19h12.42.173735 +0530,
101,0,101,[np.float64(-0.4194560669456067)],[np.float64(-0.3148535564853556)],[1],[0],[0],[1.297816749996855],['target'],101,0,101,0,108.40025266699377,,10,108.38988854200579,108.40025266699377,108.40025266699377,0.020178457998554222,109.68775445899519,[np.float64(-0.4194560669456067)],[np.float64(-0.3148535564853556)],[1],[0],[0],[1.297816749996855],['target'],04,001,2025-10-01_19h12.35.392,visual search,,2025.1.1,None,2025-10-01 19h12.42.173735 +0530,
102,0,102,[np.float64(0.18619246861924685)],[np.float64(-0.3713389121338912)],[1],[0],[0],[1.197049791997415],[None],102,0,102,0,109.71798458400008,,10,109.70772150000266,109.71798458400008,109.71798458400008,0.019804499999736436,110.90481191700383,[np.float64(0.18619246861924685)],[np.float64(-0.3713389121338912)],[1],[0],[0],[1.197049791997415],[None],04,001,2025-10-01_19h12.35.392,visual search,,2025.1.1,None,2025-10-01 19h12.42.173735 +0530,
103,0,103,[np.float64(-0.15585774058577406)],[np.float64(0.10355648535564854)],[1],[0],[0],[0.8291301669960376],['target'],103,0,103,0,110.93548358400585,,10,110.92470425000647,110.93548358400585,110.93548358400585,0.01972941700660158,111.75386949999665,[np.float64(-0.15585774058577406)],[np.float64(0.10355648535564854)],[1],[0],[0],[0.8291301669960376],['target'],04,001,2025-10-01_19h12.35.392,visual search,,2025.1.1,None,2025-10-01 19h12.42.173735 +0530,
104,0,104,[np.float64(0.4205020920502092)],[np.float64(-0.02301255230125523)],[1],[0],[0],[1.1398964169929968],['target'],104,0,104,0,111.77165974999662,,5,111.76371854200261,111.77165974999662,111.77165974999662,0.00971275000483729,112.90366679200088,[np.float64(0.4205020920502092)],[np.float64(-0.02301255230125523)],[1],[0],[0],[1.1398964169929968],['target'],04,001,2025-10-01_19h12.35.392,visual search,,2025.1.1,None,2025-10-01 19h12.42.173735 +0530,
105,0,105,[np.float64(-0.2175732217573222)],[np.float64(0.10460251046025104)],[1],[0],[0],[1.021654625001247],[None],105,0,105,0,112.92355325000244,,5,112.91524945899437,112.92355325000244,112.92355325000244,0.011450832986156456,113.93694720900385,[np.float64(-0.2175732217573222)],[np.float64(0.10460251046025104)],[1],[0],[0],[1.021654625001247],[None],04,001,2025-10-01_19h12.35.392,visual search,,2025.1.1,None,2025-10-01 19h12.42.173735 +0530,
106,0,106,[np.float64(-0.36401673640167365)],[np.float64(0.23744769874476987)],[1],[0],[0],[0.9232415839942405],[None],106,0,106,0,113.95663299999433,,5,113.94797645899234,113.95663299999433,113.95663299999433,0.010905749993980862,114.87129270899459,[np.float64(-0.36401673640167365)],[np.float64(0.23744769874476987)],[1],[0],[0],[0.9232415839942405],[None],04,001,2025-10-01_19h12.35.392,visual search,,2025.1.1,None,2025-10-01 19h12.42.173735 +0530,
107,0,107,[np.float64(-0.051255230125523014)],[np.float64(-0.2918410041841004)],[1],[0],[0],[1.262307332988712],['target'],107,0,107,0,114.89990979200229,,10,114.88942141699954,114.89990979200229,114.89990979200229,0.017966458006412722,116.15176520899695,[np.float64(-0.051255230125523014)],[np.float64(-0.2918410041841004)],[1],[0],[0],[1.262307332988712],['target'],04,001,2025-10-01_19h12.35.392,visual search,,2025.1.1,None,2025-10-01 19h12.42.173735 +0530,
108,0,108,[np.float64(-0.348326359832636)],[np.float64(-0.036610878661087864)],[1],[0],[0],[0.6343296669947449],['target'],108,0,108,0,116.18045795899525,,10,116.16975795899634,116.18045795899525,116.18045795899525,0.017853124998509884,116.80413008399773,[np.float64(-0.348326359832636)],[np.float64(-0.036610878661087864)],[1],[0],[0],[0.6343296669947449],['target'],04,001,2025-10-01_19h12.35.392,visual search,,2025.1.1,None,2025-10-01 19h12.42.173735 +0530,
109,0,109,[np.float64(-0.2824267782426778)],[np.float64(0.29916317991631797)],[1],[0],[0],[0.7723597080039326],['target'],109,0,109,0,116.82291704199451,,5,116.8152369169984,116.82291704199451,116.82291704199451,0.010949666000669822,117.58765695900365,[np.float64(-0.2824267782426778)],[np.float64(0.29916317991631797)],[1],[0],[0],[0.7723597080039326],['target'],04,001,2025-10-01_19h12.35.392,visual search,,2025.1.1,None,2025-10-01 19h12.42.173735 +0530,
110,0,110,[np.float64(-0.252092050209205)],[np.float64(0.3064853556485356)],[1],[0],[0],[0.5607812910020584],['target'],110,0,110,0,117.62018137499399,,10,117.60948141700646,117.62018137499399,117.62018137499399,0.021649500005878508,118.17029620900576,[np.float64(-0.252092050209205)],[np.float64(0.3064853556485356)],[1],[0],[0],[0.5607812910020584],['target'],04,001,2025-10-01_19h12.35.392,visual search,,2025.1.1,None,2025-10-01 19h12.42.173735 +0530,
111,0,111,[np.float64(-0.4769874476987448)],[np.float64(-0.049163179916317995)],[1],[0],[0],[0.9325859579985263],[None],111,0,111,0,118.19835791700461,,10,118.18780920900463,118.19835791700461,118.19835791700461,0.017382374993758276,119.12043095899571,[np.float64(-0.4769874476987448)],[np.float64(-0.049163179916317995)],[1],[0],[0],[0.9325859579985263],[None],04,001,2025-10-01_19h12.35.392,visual search,,2025.1.1,None,2025-10-01 19h12.42.173735 +0530,
112,0,112,[np.float64(-0.11506276150627615)],[np.float64(-0.45502092050209203)],[1],[0],[0],[1.63103575000423],['target'],112,0,112,0,119.14829850000388,,10,119.1381309999997,119.14829850000388,119.14829850000388,0.017567624992807396,120.76920754200546,[np.float64(-0.11506276150627615)],[np.float64(-0.45502092050209203)],[1],[0],[0],[1.63103575000423],['target'],04,001,2025-10-01_19h12.35.392,visual search,,2025.1.1,None,2025-10-01 19h12.42.173735 +0530,
113,0,113,[np.float64(-0.012552301255230125)],[np.float64(0.1893305439330544)],[1],[0],[0],[1.0155274999997346],['target'],113,0,113,0,120.7979495000036,,10,120.78686295899388,120.7979495000036,120.7979495000036,0.017518167005619034,121.80242970900144,[np.float64(-0.012552301255230125)],[np.float64(0.1893305439330544)],[1],[0],[0],[1.0155274999997346],['target'],04,001,2025-10-01_19h12.35.392,visual search,,2025.1.1,None,2025-10-01 19h12.42.173735 +0530,
114,0,114,[np.float64(0.007322175732217573)],[np.float64(0.21338912133891214)],[1],[0],[0],[0.6892312919953838],[None],114,0,114,0,121.82036891700409,,5,121.81253283399565,121.82036891700409,121.82036891700409,0.00994729199737776,122.50181866700586,[np.float64(0.007322175732217573)],[np.float64(0.21338912133891214)],[1],[0],[0],[0.6892312919953838],[None],04,001,2025-10-01_19h12.35.392,visual search,,2025.1.1,None,2025-10-01 19h12.42.173735 +0530,
115,0,115,[np.float64(0.40690376569037656)],[np.float64(-0.015690376569037656)],[1],[0],[0],[1.0733640840044245],[None],115,0,115,0,122.52109024999663,,5,122.51316637499258,122.52109024999663,122.52109024999663,0.011188791992026381,123.58659429200634,[np.float64(0.40690376569037656)],[np.float64(-0.015690376569037656)],[1],[0],[0],[1.0733640840044245],[None],04,001,2025-10-01_19h12.35.392,visual search,,2025.1.1,None,2025-10-01 19h12.42.173735 +0530,
116,0,116,[np.float64(0.3263598326359833)],[np.float64(-0.2792887029288703)],[1],[0],[0],[1.7875834169972222],['target'],116,0,116,0,123.60823045899451,,5,123.5995447919995,123.60823045899451,123.60823045899451,0.012776250005117618,125.38719420900452,[np.float64(0.3263598326359833)],[np.float64(-0.2792887029288703)],[1],[0],[0],[1.7875834169972222],['target'],04,001,2025-10-01_19h12.35.392,visual search,,2025.1.1,None,2025-10-01 19h12.42.173735 +0530,
117,0,117,[np.float64(-0.38598326359832635)],[np.float64(-0.32112970711297073)],[1],[0],[0],[1.0027644579968182],['target'],117,0,117,0,125.40909666700463,,5,125.40031179199286,125.40909666700463,125.40909666700463,0.012946125003509223,126.40312449999328,[np.float64(-0.38598326359832635)],[np.float64(-0.32112970711297073)],[1],[0],[0],[1.0027644579968182],['target'],04,001,2025-10-01_19h12.35.392,visual search,,2025.1.1,None,2025-10-01 19h12.42.173735 +0530,
118,0,118,[np.float64(0.48535564853556484)],[np.float64(0.03347280334728033)],[1],[0],[0],[0.9557986250001704],[None],118,0,118,0,126.42354333399271,,5,126.41465841699392,126.42354333399271,126.42354333399271,0.011399542010622099,127.3705140420061,[np.float64(0.48535564853556484)],[np.float64(0.03347280334728033)],[1],[0],[0],[0.9557986250001704],[None],04,001,2025-10-01_19h12.35.392,visual search,,2025.1.1,None,2025-10-01 19h12.42.173735 +0530,
119,0,119,[np.float64(0.2186192468619247)],[np.float64(-0.05439330543933055)],[1],[0],[0],[0.7211558340059128],['target'],119,0,119,0,127.39149504200032,,5,127.38257812500524,127.39149504200032,127.39149504200032,0.011904625003808178,128.10378424999362,[np.float64(0.2186192468619247)],[np.float64(-0.05439330543933055)],[1],[0],[0],[0.7211558340059128],['target'],04,001,2025-10-01_19h12.35.392,visual search,,2025.1.1,None,2025-10-01 19h12.42.173735 +0530,
120,0,120,[np.float64(0.28556485355648537)],[np.float64(-0.2939330543933054)],[1],[0],[0],[0.8561140419915318],[None],120,0,120,0,128.1231052499934,,5,128.11481820899644,128.1231052499934,128.1231052499934,0.010907624993706122,128.97098416699737,[np.float64(0.28556485355648537)],[np.float64(-0.2939330543933054)],[1],[0],[0],[0.8561140419915318],[None],04,001,2025-10-01_19h12.35.392,visual search,,2025.1.1,None,2025-10-01 19h12.42.173735 +0530,
121,0,121,[np.float64(0.12552301255230125)],[np.float64(-0.06380753138075314)],[1],[0],[0],[0.6955861669994192],['target'],121,0,121,0,129.00267099999473,,10,128.99193200000445,129.00267099999473,129.00267099999473,0.020789290996617638,129.68756175000453,[np.float64(0.12552301255230125)],[np.float64(-0.06380753138075314)],[1],[0],[0],[0.6955861669994192],['target'],04,001,2025-10-01_19h12.35.392,visual search,,2025.1.1,None,2025-10-01 19h12.42.173735 +0530,
122,0,122,[np.float64(-0.014644351464435146)],[np.float64(0.043933054393305436)],[1],[0],[0],[0.6550237500050571],[None],122,0,122,0,129.70694262499455,,5,129.69884879200254,129.70694262499455,129.70694262499455,0.011129417005577125,130.35392716700153,[np.float64(-0.014644351464435146)],[np.float64(0.043933054393305436)],[1],[0],[0],[0.6550237500050571],[None],04,001,2025-10-01_19h12.35.392,visual search,,2025.1.1,None,2025-10-01 19h12.42.173735 +0530,
123,0,123,[np.float64(-0.28451882845188287)],[np.float64(0.26778242677824265)],[1],[0],[0],[0.7770764169981703],['target'],123,0,123,0,130.38580862499657,,10,130.375494042004,130.38580862499657,130.38580862499657,0.021409541994216852,131.1526139589987,[np.float64(-0.28451882845188287)],[np.float64(0.26778242677824265)],[1],[0],[0],[0.7770764169981703],['target'],04,001,2025-10-01_19h12.35.392,visual search,,2025.1.1,None,2025-10-01 19h12.42.173735 +0530,
124,0,124,[np.float64(0.02510460251046025)],[np.float64(-0.40690376569037656)],[1],[0],[0],[1.440591000005952],['target'],124,0,124,0,131.17121137499635,,5,131.16332495899405,131.17121137499635,131.17121137499635,0.010532334010349587,132.60397429199656,[np.float64(0.02510460251046025)],[np.float64(-0.40690376569037656)],[1],[0],[0],[1.440591000005952],['target'],04,001,2025-10-01_19h12.35.392,visual search,,2025.1.1,None,2025-10-01 19h12.42.173735 +0530,
125,0,125,[np.float64(0.24581589958158995)],[np.float64(-0.3880753138075314)],[1],[0],[0],[1.120127375004813],['target'],125,0,125,0,132.62565429200185,,5,132.617059917,132.62565429200185,132.62565429200185,0.012927624993608333,133.73724225000478,[np.float64(0.24581589958158995)],[np.float64(-0.3880753138075314)],[1],[0],[0],[1.120127375004813],['target'],04,001,2025-10-01_19h12.35.392,visual search,,2025.1.1,None,2025-10-01 19h12.42.173735 +0530,
126,0,126,[np.float64(0.4916317991631799)],[np.float64(0.2604602510460251)],[1],[0],[0],[1.7757468329946278],[None],126,0,126,0,133.76996633400267,,10,133.75906479200057,133.76996633400267,133.76996633400267,0.021647166009643115,135.53484612499597,[np.float64(0.4916317991631799)],[np.float64(0.2604602510460251)],[1],[0],[0],[1.7757468329946278],[None],04,001,2025-10-01_19h12.35.392,visual search,,2025.1.1,None,2025-10-01 19h12.42.173735 +0530,
127,0,127,[np.float64(-0.42782426778242677)],[np.float64(-0.2615062761506276)],[1],[0],[0],[1.342464999994263],[None],127,0,127,0,135.55286220900598,,5,135.54486329200154,135.55286220900598,135.55286220900598,0.00987479199829977,136.88737962499727,[np.float64(-0.42782426778242677)],[np.float64(-0.2615062761506276)],[1],[0],[0],[1.342464999994263],[None],04,001,2025-10-01_19h12.35.392,visual search,,2025.1.1,None,2025-10-01 19h12.42.173735 +0530,
128,0,128,[np.float64(0.04707112970711297)],[np.float64(-0.24163179916317992)],[1],[0],[0],[1.2034080409939634],[None],128,0,128,0,136.90791191700555,,5,136.8992140420014,136.90791191700555,136.90791191700555,0.011696667002979666,138.1026710839942,[np.float64(0.04707112970711297)],[np.float64(-0.24163179916317992)],[1],[0],[0],[1.2034080409939634],[None],04,001,2025-10-01_19h12.35.392,visual search,,2025.1.1,None,2025-10-01 19h12.42.173735 +0530,
129,0,129,[np.float64(-0.32112970711297073)],[np.float64(-0.497907949790795)],[1],[0],[0],[0.8050278750015423],[None],129,0,129,0,138.12269579200074,,5,138.1143245419953,138.12269579200074,138.12269579200074,0.011504916998092085,138.91939637500036,[np.float64(-0.32112970711297073)],[np.float64(-0.497907949790795)],[1],[0],[0],[0.8050278750015423],[None],04,001,2025-10-01_19h12.35.392,visual search,,2025.1.1,None,2025-10-01 19h12.42.173735 +0530,
130,0,130,[np.float64(0.29707112970711297)],[np.float64(-0.40690376569037656)],[1],[0],[0],[1.364161083009094],[None],130,0,130,0,138.9491395840014,,10,138.9384748339944,138.9491395840014,138.9491395840014,0.018950665995362215,140.30268333399727,[np.float64(0.29707112970711297)],[np.float64(-0.40690376569037656)],[1],[0],[0],[1.364161083009094],[None],04,001,2025-10-01_19h12.35.392,visual search,,2025.1.1,None,2025-10-01 19h12.42.173735 +0530,
131,0,131,[np.float64(0.12552301255230125)],[np.float64(-0.41527196652719667)],[1],[0],[0],[0.7821928339981241],[None],131,0,131,0,140.33341583400033,,10,140.32079029199667,140.33341583400033,140.33341583400033,0.0179598749964498,141.10301808400254,[np.float64(0.12552301255230125)],[np.float64(-0.41527196652719667)],[1],[0],[0],[0.7821928339981241],[None],04,001,2025-10-01_19h12.35.392,visual search,,2025.1.1,None,2025-10-01 19h12.42.173735 +0530,
132,0,132,[np.float64(-0.0020920502092050207)],[np.float64(-0.3054393305439331)],[1],[0],[0],[0.7237245829892345],['target'],132,0,132,0,141.12046445900341,,5,141.1123014170007,141.12046445900341,141.12046445900341,0.00914862500212621,141.83607295900583,[np.float64(-0.0020920502092050207)],[np.float64(-0.3054393305439331)],[1],[0],[0],[0.7237245829892345],['target'],04,001,2025-10-01_19h12.35.392,visual search,,2025.1.1,None,2025-10-01 19h12.42.173735 +0530,
133,0,133,[np.float64(0.0397489539748954)],[np.float64(-0.2719665271966527)],[1],[0],[0],[0.5136440000060247],['target'],133,0,133,0,141.8656705839967,,10,141.8549727089994,141.8656705839967,141.8656705839967,0.018768124995403923,142.368651124998,[np.float64(0.0397489539748954)],[np.float64(-0.2719665271966527)],[1],[0],[0],[0.5136440000060247],['target'],04,001,2025-10-01_19h12.35.392,visual search,,2025.1.1,None,2025-10-01 19h12.42.173735 +0530,
134,0,134,[np.float64(-0.1589958158995816)],[np.float64(-0.18200836820083682)],[1],[0],[0],[0.6002155829919502],['target'],134,0,134,0,142.3977878750011,,10,142.38719549999223,142.3977878750011,142.3977878750011,0.018409625001368113,142.98744612500013,[np.float64(-0.1589958158995816)],[np.float64(-0.18200836820083682)],[1],[0],[0],[0.6002155829919502],['target'],04,001,2025-10-01_19h12.35.392,visual search,,2025.1.1,None,2025-10-01 19h12.42.173735 +0530,
135,0,135,[np.float64(0.03347280334728033)],[np.float64(0.1705020920502092)],[1],[0],[0],[0.7557970829948317],[None],135,0,135,0,143.00507479200314,,5,142.99703549999685,143.00507479200314,143.00507479200314,0.009452416998101398,143.75288450000517,[np.float64(0.03347280334728033)],[np.float64(0.1705020920502092)],[1],[0],[0],[0.7557970829948317],[None],04,001,2025-10-01_19h12.35.392,visual search,,2025.1.1,None,2025-10-01 19h12.42.173735 +0530,
136,0,136,[np.float64(-0.16422594142259414)],[np.float64(0.013598326359832637)],[1],[0],[0],[0.731414792011492],[None],136,0,136,0,143.78296012499777,,10,143.77223074999347,143.78296012499777,143.78296012499777,0.019209500009310432,144.50368841699674,[np.float64(-0.16422594142259414)],[np.float64(0.013598326359832637)],[1],[0],[0],[0.731414792011492],[None],04,001,2025-10-01_19h12.35.392,visual search,,2025.1.1,None,2025-10-01 19h12.42.173735 +0530,
137,0,137,[np.float64(-0.4372384937238494)],[np.float64(0.22489539748953974)],[1],[0],[0],[0.8984070000005886],[None],137,0,137,0,144.5322100839985,,10,144.52219316699484,144.5322100839985,144.5322100839985,0.018347667006310076,145.42064437500085,[np.float64(-0.4372384937238494)],[np.float64(0.22489539748953974)],[1],[0],[0],[0.8984070000005886],[None],04,001,2025-10-01_19h12.35.392,visual search,,2025.1.1,None,2025-10-01 19h12.42.173735 +0530,
138,0,138,[np.float64(-0.04497907949790795)],[np.float64(-0.07635983263598327)],[1],[0],[0],[0.6387152079987573],[None],138,0,138,0,145.43942533399968,,5,145.4315892500017,145.43942533399968,145.43942533399968,0.010786540995468386,146.0703607500036,[np.float64(-0.04497907949790795)],[np.float64(-0.07635983263598327)],[1],[0],[0],[0.6387152079987573],[None],04,001,2025-10-01_19h12.35.392,visual search,,2025.1.1,None,2025-10-01 19h12.42.173735 +0530,
139,0,139,[np.float64(0.3817991631799163)],[np.float64(-0.4801255230125523)],[1],[0],[0],[0.8211444999906234],[None],139,0,139,0,146.09047120899777,,5,146.08204137500434,146.09047120899777,146.09047120899777,0.011525750000146218,146.90323020900541,[np.float64(0.3817991631799163)],[np.float64(-0.4801255230125523)],[1],[0],[0],[0.8211444999906234],[None],04,001,2025-10-01_19h12.35.392,visual search,,2025.1.1,None,2025-10-01 19h12.42.173735 +0530,
140,0,140,[np.float64(0.34414225941422594)],[np.float64(-0.23221757322175732)],[1],[0],[0],[0.7564466659969185],[None],140,0,140,0,146.92215420899447,,5,146.91418929200154,146.92215420899447,146.92215420899447,0.01083479200315196,147.67069129200536,[np.float64(0.34414225941422594)],[np.float64(-0.23221757322175732)],[1],[0],[0],[0.7564466659969185],[None],04,001,2025-10-01_19h12.35.392,visual search,,2025.1.1,None,2025-10-01 19h12.42.173735 +0530,
141,0,141,[np.float64(0.08891213389121339)],[np.float64(0.10460251046025104)],[1],[0],[0],[0.9046873329934897],[None],141,0,141,0,147.690847417005,,5,147.68239866700605,147.690847417005,147.690847417005,0.011554957993212156,148.58712729200488,[np.float64(0.08891213389121339)],[np.float64(0.10460251046025104)],[1],[0],[0],[0.9046873329934897],[None],04,001,2025-10-01_19h12.35.392,visual search,,2025.1.1,None,2025-10-01 19h12.42.173735 +0530,
142,0,142,[np.float64(-0.26673640167364016)],[np.float64(0.4100418410041841)],[1],[0],[0],[0.9871896249969723],['target'],142,0,142,0,148.6063369170006,,5,148.5983688749984,148.6063369170006,148.6063369170006,0.01111720799235627,149.5856056670018,[np.float64(-0.26673640167364016)],[np.float64(0.4100418410041841)],[1],[0],[0],[0.9871896249969723],['target'],04,001,2025-10-01_19h12.35.392,visual search,,2025.1.1,None,2025-10-01 19h12.42.173735 +0530,
143,0,143,[np.float64(0.4341004184100418)],[np.float64(-0.32322175732217573)],[1],[0],[0],[1.2159051670023473],[None],143,0,143,0,149.616088166993,,10,149.60542399999395,149.616088166993,149.616088166993,0.019679374992847443,150.8213719589985,[np.float64(0.4341004184100418)],[np.float64(-0.32322175732217573)],[1],[0],[0],[1.2159051670023473],[None],04,001,2025-10-01_19h12.35.392,visual search,,2025.1.1,None,2025-10-01 19h12.42.173735 +0530,
144,0,144,[np.float64(-0.448744769874477)],[np.float64(0.1799163179916318)],[1],[0],[0],[1.164548791013658],['target'],144,0,144,0,150.85118729200622,,10,150.84007954200206,150.85118729200622,150.85118729200622,0.018545749990153126,152.00467083399417,[np.float64(-0.448744769874477)],[np.float64(0.1799163179916318)],[1],[0],[0],[1.164548791013658],['target'],04,001,2025-10-01_19h12.35.392,visual search,,2025.1.1,None,2025-10-01 19h12.42.173735 +0530,
145,0,145,[np.float64(0.348326359832636)],[np.float64(-0.46548117154811713)],[1],[0],[0],[1.1220289579941891],[None],145,0,145,0,152.02360075000615,,5,152.01513833399804,152.02360075000615,152.02360075000615,0.010308832992450334,153.1372116249986,[np.float64(0.348326359832636)],[np.float64(-0.46548117154811713)],[1],[0],[0],[1.1220289579941891],[None],04,001,2025-10-01_19h12.35.392,visual search,,2025.1.1,None,2025-10-01 19h12.42.173735 +0530,
146,0,146,[np.float64(0.47280334728033474)],[np.float64(0.20292887029288703)],[1],[0],[0],[1.2207898749911692],['target'],146,0,146,0,153.15674066699285,,5,153.148470250002,153.15674066699285,153.15674066699285,0.011133791995234787,154.36931287500192,[np.float64(0.47280334728033474)],[np.float64(0.20292887029288703)],[1],[0],[0],[1.2207898749911692],['target'],04,001,2025-10-01_19h12.35.392,visual search,,2025.1.1,None,2025-10-01 19h12.42.173735 +0530,
147,0,147,[np.float64(-0.4341004184100418)],[np.float64(0.09309623430962342)],[1],[0],[0],[1.3803672909998568],['target'],147,0,147,0,154.3996670839988,,10,154.38905475000502,154.3996670839988,154.3996670839988,0.01959983300184831,155.7694746250054,[np.float64(-0.4341004184100418)],[np.float64(0.09309623430962342)],[1],[0],[0],[1.3803672909998568],['target'],04,001,2025-10-01_19h12.35.392,visual search,,2025.1.1,None,2025-10-01 19h12.42.173735 +0530,
148,0,148,[np.float64(0.16527196652719664)],[np.float64(0.22280334728033474)],[1],[0],[0],[1.0896421670040581],['target'],148,0,148,0,155.7879206249927,,5,155.77993354199862,155.7879206249927,155.7879206249927,0.01029200000630226,156.86965070900624,[np.float64(0.16527196652719664)],[np.float64(0.22280334728033474)],[1],[0],[0],[1.0896421670040581],['target'],04,001,2025-10-01_19h12.35.392,visual search,,2025.1.1,None,2025-10-01 19h12.42.173735 +0530,
149,0,149,[np.float64(-0.3786610878661088)],[np.float64(-0.20711297071129708)],[1],[0],[0],[1.0712648750049993],['target'],149,0,149,0,156.89163137499418,,5,156.8829730419966,156.89163137499418,156.89163137499418,0.01313395900069736,157.95429945900105,[np.float64(-0.3786610878661088)],[np.float64(-0.20711297071129708)],[1],[0],[0],[1.0712648750049993],['target'],04,001,2025-10-01_19h12.35.392,visual search,,2025.1.1,None,2025-10-01 19h12.42.173735 +0530,
150,0,150,[np.float64(-0.16108786610878661)],[np.float64(-0.3713389121338912)],[1],[0],[0],[1.054117416992085],['target'],150,0,150,0,157.9754975840042,,5,157.9665698339959,157.9754975840042,157.9754975840042,0.01210716700006742,159.0207467500004,[np.float64(-0.16108786610878661)],[np.float64(-0.3713389121338912)],[1],[0],[0],[1.054117416992085],['target'],04,001,2025-10-01_19h12.35.392,visual search,,2025.1.1,None,2025-10-01 19h12.42.173735 +0530,
151,0,151,[np.float64(0.303347280334728)],[np.float64(-0.11715481171548117)],[1],[0],[0],[0.9206979580048937],['target'],151,0,151,0,159.04092808399582,,5,159.0325127919932,159.04092808399582,159.04092808399582,0.0116039999993518,159.95326820900664,[np.float64(0.303347280334728)],[np.float64(-0.11715481171548117)],[1],[0],[0],[0.9206979580048937],['target'],04,001,2025-10-01_19h12.35.392,visual search,,2025.1.1,None,2025-10-01 19h12.42.173735 +0530,
152,0,152,[np.float64(0.03556485355648536)],[np.float64(-0.09309623430962342)],[1],[0],[0],[0.9709525000071153],[None],152,0,152,0,159.97480204199383,,5,159.96655033399293,159.97480204199383,159.97480204199383,0.013124042001436464,160.9375673750037,[np.float64(0.03556485355648536)],[np.float64(-0.09309623430962342)],[1],[0],[0],[0.9709525000071153],[None],04,001,2025-10-01_19h12.35.392,visual search,,2025.1.1,None,2025-10-01 19h12.42.173735 +0530,
153,0,153,[np.float64(0.38493723849372385)],[np.float64(0.2615062761506276)],[1],[0],[0],[0.9528182919893879],[None],153,0,153,0,160.9585472089966,,5,160.9498507919925,160.9585472089966,160.9585472089966,0.01211725000757724,161.90271295899583,[np.float64(0.38493723849372385)],[np.float64(0.2615062761506276)],[1],[0],[0],[0.9528182919893879],[None],04,001,2025-10-01_19h12.35.392,visual search,,2025.1.1,None,2025-10-01 19h12.42.173735 +0530,
154,0,154,[np.float64(0.10251046025104603)],[np.float64(-0.3378661087866109)],[1],[0],[0],[1.3245873330015456],['target'],154,0,154,0,161.92174541699933,,5,161.9134174589999,161.92174541699933,161.92174541699933,0.010577666995231993,163.2380612919951,[np.float64(0.10251046025104603)],[np.float64(-0.3378661087866109)],[1],[0],[0],[1.3245873330015456],['target'],04,001,2025-10-01_19h12.35.392,visual search,,2025.1.1,None,2025-10-01 19h12.42.173735 +0530,
155,0,155,[np.float64(-0.46129707112970714)],[np.float64(0.4330543933054393)],[1],[0],[0],[1.3771861669956706],[None],155,0,155,0,163.27052604200435,,10,163.260176374999,163.27052604200435,163.27052604200435,0.021952917013550177,164.63740537500416,[np.float64(-0.46129707112970714)],[np.float64(0.4330543933054393)],[1],[0],[0],[1.3771861669956706],[None],04,001,2025-10-01_19h12.35.392,visual search,,2025.1.1,None,2025-10-01 19h12.42.173735 +0530,
156,0,156,[np.float64(0.07112970711297072)],[np.float64(-0.18410041841004185)],[1],[0],[0],[1.1470179579919204],[None],156,0,156,0,164.6677023749944,,10,164.6566471249971,164.6677023749944,164.6677023749944,0.01908270899730269,165.8036985840008,[np.float64(0.07112970711297072)],[np.float64(-0.18410041841004185)],[1],[0],[0],[1.1470179579919204],[None],04,001,2025-10-01_19h12.35.392,visual search,,2025.1.1,None,2025-10-01 19h12.42.173735 +0530,
157,0,157,[np.float64(-0.18828451882845187)],[np.float64(0.04497907949790795)],[1],[0],[0],[1.01614612499543],['target'],157,0,157,0,165.83100545899651,,10,165.82136324999738,165.83100545899651,165.83100545899651,0.01753175001067575,166.8375538340042,[np.float64(-0.18828451882845187)],[np.float64(0.04497907949790795)],[1],[0],[0],[1.01614612499543],['target'],04,001,2025-10-01_19h12.35.392,visual search,,2025.1.1,None,2025-10-01 19h12.42.173735 +0530,
158,0,158,[np.float64(-0.12133891213389121)],[np.float64(0.11820083682008369)],[1],[0],[0],[0.5798834169982001],[None],158,0,158,0,166.86666712499573,,10,166.85609120900335,166.86666712499573,166.86666712499573,0.01838191600108985,167.43600862499443,[np.float64(-0.12133891213389121)],[np.float64(0.11820083682008369)],[1],[0],[0],[0.5798834169982001],[None],04,001,2025-10-01_19h12.35.392,visual search,,2025.1.1,None,2025-10-01 19h12.42.173735 +0530,
159,0,159,[np.float64(0.4665271966527197)],[np.float64(0.34205020920502094)],[1],[0],[0],[1.1986277079995489],[None],159,0,159,0,167.4645988340053,,10,167.4542865419935,167.4645988340053,167.4645988340053,0.018147791997762397,168.6529574169981,[np.float64(0.4665271966527197)],[np.float64(0.34205020920502094)],[1],[0],[0],[1.1986277079995489],[None],04,001,2025-10-01_19h12.35.392,visual search,,2025.1.1,None,2025-10-01 19h12.42.173735 +0530,
160,0,160,[np.float64(-0.5083682008368201)],[np.float64(0.36401673640167365)],[1],[0],[0],[1.2990102079929784],[None],160,0,160,0,168.68159458400623,,10,168.6712081250007,168.68159458400623,168.68159458400623,0.018085250005242415,169.97025949999806,[np.float64(-0.5083682008368201)],[np.float64(0.36401673640167365)],[1],[0],[0],[1.2990102079929784],[None],04,001,2025-10-01_19h12.35.392,visual search,,2025.1.1,None,2025-10-01 19h12.42.173735 +0530,
161,0,161,[np.float64(-0.24476987447698745)],[np.float64(0.009414225941422594)],[1],[0],[0],[1.1648179580079159],['target'],161,0,161,0,169.99918170900492,,10,169.98866575000284,169.99918170900492,169.99918170900492,0.018249125001602806,171.15351829200517,[np.float64(-0.24476987447698745)],[np.float64(0.009414225941422594)],[1],[0],[0],[1.1648179580079159],['target'],04,001,2025-10-01_19h12.35.392,visual search,,2025.1.1,None,2025-10-01 19h12.42.173735 +0530,
162,0,162,[np.float64(-0.15690376569037656)],[np.float64(-0.2405857740585774)],[1],[0],[0],[0.7062565000087488],[None],162,0,162,0,171.17140441699303,,5,171.16293895899435,171.17140441699303,171.17140441699303,0.00928879200364463,171.86927237499913,[np.float64(-0.15690376569037656)],[np.float64(-0.2405857740585774)],[1],[0],[0],[0.7062565000087488],[None],04,001,2025-10-01_19h12.35.392,visual search,,2025.1.1,None,2025-10-01 19h12.42.173735 +0530,
163,0,163,[np.float64(0.46338912133891214)],[np.float64(0.4006276150627615)],[1],[0],[0],[1.1387514999951236],[None],163,0,163,0,171.88914787500107,,5,171.88116037499276,171.88914787500107,171.88914787500107,0.011695334003889002,173.01995912499842,[np.float64(0.46338912133891214)],[np.float64(0.4006276150627615)],[1],[0],[0],[1.1387514999951236],[None],04,001,2025-10-01_19h12.35.392,visual search,,2025.1.1,None,2025-10-01 19h12.42.173735 +0530,
164,0,164,[np.float64(0.23221757322175732)],[np.float64(0.49267782426778245)],[1],[0],[0],[0.8179384999966715],[None],164,0,164,0,173.05019791699306,,10,173.03930891699565,173.05019791699306,173.05019791699306,0.019219624999095686,173.85728612499952,[np.float64(0.23221757322175732)],[np.float64(0.49267782426778245)],[1],[0],[0],[0.8179384999966715],[None],04,001,2025-10-01_19h12.35.392,visual search,,2025.1.1,None,2025-10-01 19h12.42.173735 +0530,
165,0,165,[np.float64(-0.25627615062761505)],[np.float64(-0.23430962343096234)],[1],[0],[0],[0.9801787080068607],['target'],165,0,165,0,173.88498820899986,,10,173.8745115000056,173.88498820899986,173.88498820899986,0.017087959000491537,174.8547452089988,[np.float64(-0.25627615062761505)],[np.float64(-0.23430962343096234)],[1],[0],[0],[0.9801787080068607],['target'],04,001,2025-10-01_19h12.35.392,visual search,,2025.1.1,None,2025-10-01 19h12.42.173735 +0530,
166,0,166,[np.float64(-0.14225941422594143)],[np.float64(-0.3305439330543933)],[1],[0],[0],[0.6616975420038216],[None],166,0,166,0,174.88529291699524,,10,174.87503145899973,174.88529291699524,174.88529291699524,0.02010970799892675,175.53678087500157,[np.float64(-0.14225941422594143)],[np.float64(-0.3305439330543933)],[1],[0],[0],[0.6616975420038216],[None],04,001,2025-10-01_19h12.35.392,visual search,,2025.1.1,None,2025-10-01 19h12.42.173735 +0530,
167,0,167,[np.float64(-0.12552301255230125)],[np.float64(0.35251046025104604)],[1],[0],[0],[1.0077802500018151],[None],167,0,167,0,175.5547762500064,,5,175.54667837500165,175.5547762500064,175.5547762500064,0.009726333999424241,176.55451770899526,[np.float64(-0.12552301255230125)],[np.float64(0.35251046025104604)],[1],[0],[0],[1.0077802500018151],[None],04,001,2025-10-01_19h12.35.392,visual search,,2025.1.1,None,2025-10-01 19h12.42.173735 +0530,
168,0,168,[np.float64(-0.2709205020920502)],[np.float64(0.0020920502092050207)],[1],[0],[0],[1.2272626659978414],['target'],168,0,168,0,176.5856263750029,,10,176.57510154199554,176.5856263750029,176.5856263750029,0.02042158300173469,177.80240233399672,[np.float64(-0.2709205020920502)],[np.float64(0.0020920502092050207)],[1],[0],[0],[1.2272626659978414],['target'],04,001,2025-10-01_19h12.35.392,visual search,,2025.1.1,None,2025-10-01 19h12.42.173735 +0530,
169,0,169,[np.float64(-0.3054393305439331)],[np.float64(0.29916317991631797)],[1],[0],[0],[1.3172817089944147],['target'],169,0,169,0,177.83049591700546,,10,177.82008074999612,177.83049591700546,177.83049591700546,0.017536291998112574,179.13740145899646,[np.float64(-0.3054393305439331)],[np.float64(0.29916317991631797)],[1],[0],[0],[1.3172817089944147],['target'],04,001,2025-10-01_19h12.35.392,visual search,,2025.1.1,None,2025-10-01 19h12.42.173735 +0530,
170,0,170,[np.float64(0.3692468619246862)],[np.float64(0.4790794979079498)],[1],[0],[0],[3.427395915990928],['target'],170,0,170,0,179.15589391700632,,5,179.14727175000007,179.15589391700632,179.15589391700632,0.009728584002004936,182.5747187090019,[np.float64(0.3692468619246862)],[np.float64(0.4790794979079498)],[1],[0],[0],[3.427395915990928],['target'],04,001,2025-10-01_19h12.35.392,visual search,,2025.1.1,None,2025-10-01 19h12.42.173735 +0530,
171,0,171,[np.float64(0.2688284518828452)],[np.float64(0.13702928870292888)],[1],[0],[0],[0.9356256669998402],[None],171,0,171,0,182.593537541994,,5,182.58581600000616,182.593537541994,182.593537541994,0.010960458006593399,183.52150129199435,[np.float64(0.2688284518828452)],[np.float64(0.13702928870292888)],[1],[0],[0],[0.9356256669998402],[None],04,001,2025-10-01_19h12.35.392,visual search,,2025.1.1,None,2025-10-01 19h12.42.173735 +0530,
172,0,172,[np.float64(-0.03556485355648536)],[np.float64(-0.39748953974895396)],[1],[0],[0],[1.288684083003318],['target'],172,0,172,0,183.5425466250017,,5,183.5338354590058,183.5425466250017,183.5425466250017,0.012152249997598119,184.82258074999845,[np.float64(-0.03556485355648536)],[np.float64(-0.39748953974895396)],[1],[0],[0],[1.288684083003318],['target'],04,001,2025-10-01_19h12.35.392,visual search,,2025.1.1,None,2025-10-01 19h12.42.173735 +0530,
173,0,173,[np.float64(-0.13807531380753138)],[np.float64(0.09309623430962342)],[1],[0],[0],[0.6673934999998892],[None],173,0,173,0,184.8452602920006,,5,184.83553899999242,184.8452602920006,184.8452602920006,0.012791166998795234,185.5029943749978,[np.float64(-0.13807531380753138)],[np.float64(0.09309623430962342)],[1],[0],[0],[0.6673934999998892],[None],04,001,2025-10-01_19h12.35.392,visual search,,2025.1.1,None,2025-10-01 19h12.42.173735 +0530,
174,0,174,[np.float64(0.20397489539748953)],[np.float64(0.29811715481171547)],[1],[0],[0],[1.2218664579995675],['target'],174,0,174,0,185.5240263339947,,5,185.51577254199947,185.5240263339947,185.5240263339947,0.01261950000480283,186.7376958340028,[np.float64(0.20397489539748953)],[np.float64(0.29811715481171547)],[1],[0],[0],[1.2218664579995675],['target'],04,001,2025-10-01_19h12.35.392,visual search,,2025.1.1,None,2025-10-01 19h12.42.173735 +0530,
175,0,175,[np.float64(-0.4895397489539749)],[np.float64(0.4707112970711297)],[1],[0],[0],[0.9244669579929905],[None],175,0,175,0,186.7594661250041,,5,186.7507117500063,186.7594661250041,186.7594661250041,0.012857499998062849,187.6752249590063,[np.float64(-0.4895397489539749)],[np.float64(0.4707112970711297)],[1],[0],[0],[0.9244669579929905],[None],04,001,2025-10-01_19h12.35.392,visual search,,2025.1.1,None,2025-10-01 19h12.42.173735 +0530,
176,0,176,[np.float64(-0.05543933054393305)],[np.float64(0.10251046025104603)],[1],[0],[0],[1.182725999999093],[None],176,0,176,0,187.69534541699977,,5,187.68638275000558,187.69534541699977,187.69534541699977,0.011028041000827216,188.8691810839955,[np.float64(-0.05543933054393305)],[np.float64(0.10251046025104603)],[1],[0],[0],[1.182725999999093],[None],04,001,2025-10-01_19h12.35.392,visual search,,2025.1.1,None,2025-10-01 19h12.42.173735 +0530,
177,0,177,[np.float64(-0.29602510460251047)],[np.float64(0.12656903765690378)],[1],[0],[0],[0.8548052080004709],['target'],177,0,177,0,188.8906422919972,,5,188.88142125000013,188.8906422919972,188.8906422919972,0.012059250002494082,189.73629162499856,[np.float64(-0.29602510460251047)],[np.float64(0.12656903765690378)],[1],[0],[0],[0.8548052080004709],['target'],04,001,2025-10-01_19h12.35.392,visual search,,2025.1.1,None,2025-10-01 19h12.42.173735 +0530,
178,0,178,[np.float64(0.19665271966527198)],[np.float64(0.10355648535564854)],[1],[0],[0],[0.9387523329933174],['target'],178,0,178,0,189.75719162500172,,5,189.74849691700365,189.75719162500172,189.75719162500172,0.012017583998385817,190.68730449999566,[np.float64(0.19665271966527198)],[np.float64(0.10355648535564854)],[1],[0],[0],[0.9387523329933174],['target'],04,001,2025-10-01_19h12.35.392,visual search,,2025.1.1,None,2025-10-01 19h12.42.173735 +0530,
179,0,179,[np.float64(0.4299163179916318)],[np.float64(0.301255230125523)],[1],[0],[0],[1.1369172499980778],[None],179,0,179,0,190.7083900419966,,5,190.6998394169932,190.7083900419966,190.7083900419966,0.01238154100428801,191.83681633400556,[np.float64(0.4299163179916318)],[np.float64(0.301255230125523)],[1],[0],[0],[1.1369172499980778],[None],04,001,2025-10-01_19h12.35.392,visual search,,2025.1.1,None,2025-10-01 19h12.42.173735 +0530,
180,0,180,[np.float64(0.25313807531380755)],[np.float64(-0.10146443514644352)],[1],[0],[0],[1.3545414169930154],['target'],180,0,180,0,191.85778637499607,,5,191.8487202499964,191.85778637499607,191.85778637499607,0.011729290999937803,193.203332709003,[np.float64(0.25313807531380755)],[np.float64(-0.10146443514644352)],[1],[0],[0],[1.3545414169930154],['target'],04,001,2025-10-01_19h12.35.392,visual search,,2025.1.1,None,2025-10-01 19h12.42.173735 +0530,
181,0,181,[np.float64(-0.399581589958159)],[np.float64(0.24790794979079497)],[1],[0],[0],[0.7456180000008317],[None],181,0,181,0,193.23460208400502,,10,193.2240718749963,193.23460208400502,193.23460208400502,0.020544707993394695,193.96972816699417,[np.float64(-0.399581589958159)],[np.float64(0.24790794979079497)],[1],[0],[0],[0.7456180000008317],[None],04,001,2025-10-01_19h12.35.392,visual search,,2025.1.1,None,2025-10-01 19h12.42.173735 +0530,
182,0,182,[np.float64(0.16631799163179917)],[np.float64(-0.04811715481171548)],[1],[0],[0],[0.9908887909987243],[None],182,0,182,0,193.98802095900464,,5,193.97988499999337,193.98802095900464,193.98802095900464,0.009992749997763894,194.9708355420007,[np.float64(0.16631799163179917)],[np.float64(-0.04811715481171548)],[1],[0],[0],[0.9908887909987243],[None],04,001,2025-10-01_19h12.35.392,visual search,,2025.1.1,None,2025-10-01 19h12.42.173735 +0530,
183,0,183,[np.float64(0.10146443514644352)],[np.float64(0.25523012552301255)],[1],[0],[0],[0.779001041999436],[None],183,0,183,0,195.00222195900278,,10,194.9915897089959,195.00222195900278,195.00222195900278,0.020591334003256634,195.77063662500586,[np.float64(0.10146443514644352)],[np.float64(0.25523012552301255)],[1],[0],[0],[0.779001041999436],[None],04,001,2025-10-01_19h12.35.392,visual search,,2025.1.1,None,2025-10-01 19h12.42.173735 +0530,
184,0,184,[np.float64(0.3880753138075314)],[np.float64(-0.06380753138075314)],[1],[0],[0],[1.121666874998482],['target'],184,0,184,0,195.79046004200063,,5,195.78266779199475,195.79046004200063,195.79046004200063,0.011868375004269183,196.904394666999,[np.float64(0.3880753138075314)],[np.float64(-0.06380753138075314)],[1],[0],[0],[1.121666874998482],['target'],04,001,2025-10-01_19h12.35.392,visual search,,2025.1.1,None,2025-10-01 19h12.42.173735 +0530,
185,0,185,[np.float64(-0.13598326359832635)],[np.float64(-0.15271966527196654)],[1],[0],[0],[0.9612603749992559],['target'],185,0,185,0,196.93668016699667,,10,196.92625108400534,196.93668016699667,196.93668016699667,0.02169012500962708,197.88755045899597,[np.float64(-0.13598326359832635)],[np.float64(-0.15271966527196654)],[1],[0],[0],[0.9612603749992559],['target'],04,001,2025-10-01_19h12.35.392,visual search,,2025.1.1,None,2025-10-01 19h12.42.173735 +0530,
186,0,186,[np.float64(0.4905857740585774)],[np.float64(-0.07845188284518828)],[1],[0],[0],[1.2482982500077924],['target'],186,0,186,0,197.91576470900327,,10,197.90564645899576,197.91576470900327,197.91576470900327,0.017940333011210896,199.15397687499353,[np.float64(0.4905857740585774)],[np.float64(-0.07845188284518828)],[1],[0],[0],[1.2482982500077924],['target'],04,001,2025-10-01_19h12.35.392,visual search,,2025.1.1,None,2025-10-01 19h12.42.173735 +0530,
187,0,187,[np.float64(-0.4424686192468619)],[np.float64(0.21338912133891214)],[1],[0],[0],[1.0905510830052663],[None],187,0,187,0,199.17188475000148,,5,199.16394899999432,199.17188475000148,199.17188475000148,0.009840667000389658,200.25456433399813,[np.float64(-0.4424686192468619)],[np.float64(0.21338912133891214)],[1],[0],[0],[1.0905510830052663],[None],04,001,2025-10-01_19h12.35.392,visual search,,2025.1.1,None,2025-10-01 19h12.42.173735 +0530,
188,0,188,[np.float64(-0.23430962343096234)],[np.float64(0.18305439330543932)],[1],[0],[0],[0.637954499994521],[None],188,0,188,0,200.27547508399584,,5,200.266450583993,200.27547508399584,200.27547508399584,0.011719625006662682,200.904446792003,[np.float64(-0.23430962343096234)],[np.float64(0.18305439330543932)],[1],[0],[0],[0.637954499994521],[None],04,001,2025-10-01_19h12.35.392,visual search,,2025.1.1,None,2025-10-01 19h12.42.173735 +0530,
189,0,189,[np.float64(-0.07740585774058577)],[np.float64(-0.4445606694560669)],[1],[0],[0],[1.7304870000079973],['target'],189,0,189,0,200.93422116700094,,10,200.92377449999913,200.93422116700094,200.93422116700094,0.019201832998078316,202.65430112500326,[np.float64(-0.07740585774058577)],[np.float64(-0.4445606694560669)],[1],[0],[0],[1.7304870000079973],['target'],04,001,2025-10-01_19h12.35.392,visual search,,2025.1.1,None,2025-10-01 19h12.42.173735 +0530,
190,0,190,[np.float64(0.30962343096234307)],[np.float64(0.007322175732217573)],[1],[0],[0],[0.9327692089864286],[None],190,0,190,0,202.68332791699504,,10,202.67240799999854,202.68332791699504,202.68332791699504,0.01795116600987967,203.60521787499601,[np.float64(0.30962343096234307)],[np.float64(0.007322175732217573)],[1],[0],[0],[0.9327692089864286],[None],04,001,2025-10-01_19h12.35.392,visual search,,2025.1.1,None,2025-10-01 19h12.42.173735 +0530,
191,0,191,[np.float64(0.1412133891213389)],[np.float64(-0.34414225941422594)],[1],[0],[0],[0.9037023749988293],[None],191,0,191,0,203.62515783400158,,5,203.61734774999786,203.62515783400158,203.62515783400158,0.011970084000495262,204.5211076669948,[np.float64(0.1412133891213389)],[np.float64(-0.34414225941422594)],[1],[0],[0],[0.9037023749988293],[None],04,001,2025-10-01_19h12.35.392,visual search,,2025.1.1,None,2025-10-01 19h12.42.173735 +0530,
192,0,192,[np.float64(0.5219665271966527)],[np.float64(0.06903765690376569)],[1],[0],[0],[1.0777542499999981],[None],192,0,192,0,204.5522119590023,,10,204.54156412500015,204.5522119590023,204.5522119590023,0.020295541995437816,205.61935587499465,[np.float64(0.5219665271966527)],[np.float64(0.06903765690376569)],[1],[0],[0],[1.0777542499999981],[None],04,001,2025-10-01_19h12.35.392,visual search,,2025.1.1,None,2025-10-01 19h12.42.173735 +0530,
193,0,193,[np.float64(-0.038702928870292884)],[np.float64(0.3713389121338912)],[1],[0],[0],[0.8812469580007019],[None],193,0,193,0,205.64887133399316,,10,205.6386871249997,205.64887133399316,205.64887133399316,0.01917591599340085,206.51997408400348,[np.float64(-0.038702928870292884)],[np.float64(0.3713389121338912)],[1],[0],[0],[0.8812469580007019],[None],04,001,2025-10-01_19h12.35.392,visual search,,2025.1.1,None,2025-10-01 19h12.42.173735 +0530,
194,0,194,[np.float64(-0.021966527196652718)],[np.float64(-0.200836820083682)],[1],[0],[0],[0.8904441250051605],[None],194,0,194,0,206.5375004170055,,5,206.5298991669988,206.5375004170055,206.5375004170055,0.009783625006093644,207.42040133400587,[np.float64(-0.021966527196652718)],[np.float64(-0.200836820083682)],[1],[0],[0],[0.8904441250051605],[None],04,001,2025-10-01_19h12.35.392,visual search,,2025.1.1,None,2025-10-01 19h12.42.173735 +0530,
195,0,195,[np.float64(-0.2824267782426778)],[np.float64(0.06485355648535565)],[1],[0],[0],[0.7637792919995263],[None],195,0,195,0,207.45085266699607,,10,207.44020341700525,207.45085266699607,207.45085266699607,0.019640124999568798,208.2040259589994,[np.float64(-0.2824267782426778)],[np.float64(0.06485355648535565)],[1],[0],[0],[0.7637792919995263],[None],04,001,2025-10-01_19h12.35.392,visual search,,2025.1.1,None,2025-10-01 19h12.42.173735 +0530,
196,0,196,[np.float64(0.2834728033472803)],[np.float64(0.26673640167364016)],[1],[0],[0],[0.897552333000931],[None],196,0,196,0,208.23310716700507,,10,208.22315950000484,208.23310716700507,208.23310716700507,0.018972875011968426,209.12074724999547,[np.float64(0.2834728033472803)],[np.float64(0.26673640167364016)],[1],[0],[0],[0.897552333000931],[None],04,001,2025-10-01_19h12.35.392,visual search,,2025.1.1,None,2025-10-01 19h12.42.173735 +0530,
197,0,197,[np.float64(0.37656903765690375)],[np.float64(-0.16317991631799164)],[1],[0],[0],[1.0979375000024447],[None],197,0,197,0,209.14846783400571,,10,209.13821708399337,209.14846783400571,209.14846783400571,0.017337165991193615,210.236198958999,[np.float64(0.37656903765690375)],[np.float64(-0.16317991631799164)],[1],[0],[0],[1.0979375000024447],[None],04,001,2025-10-01_19h12.35.392,visual search,,2025.1.1,None,2025-10-01 19h12.42.173735 +0530,
198,0,198,[np.float64(-0.10774058577405858)],[np.float64(0.2625523012552301)],[1],[0],[0],[1.0979753749998054],[None],198,0,198,0,210.2653440839931,,10,210.25509308399342,210.2653440839931,210.2653440839931,0.01874241599580273,211.35310316699906,[np.float64(-0.10774058577405858)],[np.float64(0.2625523012552301)],[1],[0],[0],[1.0979753749998054],[None],04,001,2025-10-01_19h12.35.392,visual search,,2025.1.1,None,2025-10-01 19h12.42.173735 +0530,
199,0,199,[np.float64(-0.29497907949790797)],[np.float64(-0.09832635983263599)],[1],[0],[0],[2.1406337919906946],['target'],199,0,199,0,211.37023666700406,,5,211.36294170899782,211.37023666700406,211.37023666700406,0.00970341700303834,213.50364045900642,[np.float64(-0.29497907949790797)],[np.float64(-0.09832635983263599)],[1],[0],[0],[2.1406337919906946],['target'],04,001,2025-10-01_19h12.35.392,visual search,,2025.1.1,None,2025-10-01 19h12.42.173735 +0530,
